feature,friday,thursday,tuesday,wednesday,mean_drift
fwd_packet_length_max,0.45586,0.20440000000000003,0.06357999999999997,0.19556000000000007,0.22985000000000003
total_length_of_fwd_packet,0.4561,0.20440000000000003,0.04532000000000003,0.19101999999999997,0.22421000000000002
packet_length_max,0.2862,0.20562000000000002,0.06430000000000002,0.32356000000000007,0.21992000000000003
packet_length_std,0.27496,0.20298,0.06513999999999998,0.32744000000000006,0.21763000000000002
packet_length_variance,0.27496,0.20298,0.06513999999999998,0.32744000000000006,0.21763000000000002
bwd_packet_length_max,0.2761,0.20004000000000002,0.06357999999999997,0.32364000000000004,0.21584
packet_length_mean,0.2862,0.20562000000000002,0.04732000000000003,0.31688000000000005,0.21400500000000003
average_packet_size,0.2862,0.20562000000000002,0.04732000000000003,0.31688000000000005,0.21400500000000003
bwd_packet_length_mean,0.2761,0.19976,0.04377999999999993,0.32158,0.21030499999999996
bwd_segment_size_avg,0.2761,0.19976,0.04377999999999993,0.32158,0.21030499999999996
total_length_of_bwd_packet,0.2761,0.20012000000000002,0.05414000000000002,0.31026,0.210155
subflow_bwd_bytes,0.27576,0.19856000000000001,0.03724000000000005,0.31745999999999996,0.207255
rst_flag_count,0.41388,0.07216,0.012199999999999989,0.29072,0.19724
fwd_packet_length_mean,0.4558,0.20786,0.059819999999999984,0.059660000000000046,0.195785
fwd_segment_size_avg,0.4558,0.20786,0.059819999999999984,0.059660000000000046,0.195785
subflow_fwd_bytes,0.45536000000000004,0.20502000000000004,0.062279999999999947,0.058820000000000094,0.19537000000000004
flow_bytes_s,0.2862,0.20562000000000002,0.029060000000000086,0.20421999999999996,0.18127500000000002
bwd_packet_length_std,0.17484,0.11491999999999991,0.046740000000000004,0.33184,0.16708499999999998
fwd_init_win_bytes,0.2658,0.10014,0.03981999999999997,0.24330000000000007,0.162265
flow_iat_max,0.28103999999999996,0.20818000000000003,0.02425999999999995,0.12008000000000002,0.15838999999999998
fwd_seg_size_min,0.25788,0.1613,0.020499999999999963,0.19196000000000002,0.15791
syn_flag_count,0.2774,0.10570000000000002,0.023360000000000047,0.20611999999999997,0.153145
flow_duration,0.28587999999999997,0.19508,0.031019999999999992,0.08787999999999996,0.14996499999999996
bwd_header_length,0.2525,0.10268,0.036920000000000064,0.20192,0.148505
fwd_header_length,0.23625999999999997,0.10258,0.030120000000000036,0.21951999999999994,0.14711999999999997
bwd_iat_min,0.21381999999999998,0.09845999999999996,0.032119999999999926,0.24232000000000004,0.14667999999999998
fwd_packet_length_std,0.20374000000000003,0.11604000000000003,0.06598000000000004,0.19940000000000002,0.14629000000000003
fwd_packet_length_min,0.2618400000000001,0.10142000000000001,0.02400000000000002,0.19779999999999998,0.14626500000000003
packet_length_min,0.26006000000000007,0.10012000000000004,0.02403999999999995,0.19796000000000002,0.14554500000000004
ack_flag_count,0.25738,0.10084000000000004,0.030059999999999976,0.19273999999999997,0.145255
total_tcp_flow_time,0.25724,0.10206000000000004,0.02093999999999996,0.19583999999999996,0.14401999999999998
bwd_packet_length_min,0.25618,0.09874,0.018740000000000034,0.1951,0.14219
protocol,0.25698,0.09673999999999999,0.02013999999999999,0.19488000000000005,0.142185
total_fwd_packet,0.22638,0.10321999999999998,0.029259999999999953,0.19448,0.13833499999999999
flow_packets_s,0.24616000000000005,0.19467999999999996,0.026499999999999968,0.08588000000000001,0.138305
fwd_packets_s,0.24616000000000005,0.19472,0.02350000000000002,0.08692000000000005,0.13782500000000003
flow_iat_std,0.22184,0.18825999999999998,0.028480000000000005,0.11050000000000004,0.13727
total_bwd_packets,0.21988000000000002,0.10682000000000003,0.037739999999999996,0.18296,0.13685000000000003
bwd_iat_mean,0.2195,0.11980000000000002,0.03506000000000009,0.17234,0.13667500000000005
fwd_iat_total,0.22345999999999996,0.12168000000000001,0.030100000000000016,0.16152,0.13419
bwd_iat_total,0.2195,0.1197,0.023820000000000063,0.17226000000000002,0.13382000000000002
bwd_iat_max,0.2195,0.11970000000000003,0.023560000000000025,0.17203999999999997,0.1337
flow_iat_mean,0.22230000000000003,0.19086,0.031240000000000046,0.08938000000000001,0.13344500000000004
fwd_iat_mean,0.22345999999999996,0.11584000000000005,0.03289999999999993,0.16140000000000004,0.13340000000000002
fwd_act_data_pkts,0.21350000000000002,0.18092000000000003,0.02423999999999993,0.11193999999999993,0.13265
fwd_iat_max,0.22345999999999996,0.11556,0.029100000000000015,0.16114000000000006,0.13231500000000002
fwd_psh_flags,0.17544000000000004,0.10373999999999994,0.026900000000000035,0.19152000000000002,0.12440000000000001
psh_flag_count,0.17182000000000008,0.10611999999999999,0.028920000000000057,0.19040000000000007,0.12431500000000005
bwd_init_win_bytes,0.1063400000000001,0.09283999999999992,0.03621999999999992,0.25938000000000005,0.123695
bwd_psh_flags,0.16008,0.10310000000000008,0.028900000000000037,0.18545999999999996,0.11938500000000002
fwd_rst_flags,0.12407999999999997,0.03378000000000003,0.02201999999999993,0.28800000000000003,0.11696999999999999
bwd_packets_s,0.24761999999999995,0.10907999999999995,0.032139999999999946,0.07194,0.11519499999999996
fin_flag_count,0.14429999999999998,0.09833999999999998,0.026599999999999957,0.18992000000000003,0.11478999999999999
fwd_iat_min,0.22706,0.051020000000000065,0.030520000000000103,0.14650000000000002,0.11377500000000006
flow_iat_min,0.16618000000000005,0.06496000000000002,0.03590000000000004,0.18035999999999996,0.11185000000000002
bwd_iat_std,0.10348000000000002,0.10714000000000001,0.02942,0.18451999999999996,0.10614
bwd_rst_flags,0.2853399999999999,0.10793999999999992,0.01763999999999999,0.0037399999999999656,0.10366499999999995
fwd_iat_std,0.05384,0.10242000000000007,0.02746000000000004,0.17622000000000004,0.08998500000000004
down_up_ratio,0.03944,0.08884,0.054400000000000004,0.15066000000000002,0.083335
bwd_bulk_rate_avg,0.026560000000000028,0.016700000000000048,0.012220000000000009,0.2176800000000001,0.06829000000000005
bwd_bytes_bulk_avg,0.02076,0.01532,0.01873999999999998,0.2116800000000001,0.06662500000000002
bwd_packet_bulk_avg,0.022540000000000004,0.01532,0.01744000000000001,0.18706,0.060590000000000005
idle_max,0.062040000000000095,0.043440000000000034,0.02425999999999995,0.04802000000000006,0.044440000000000035
active_min,0.04956000000000005,0.038860000000000006,0.017780000000000018,0.06746000000000008,0.04341500000000004
idle_mean,0.05496000000000001,0.0403,0.024540000000000006,0.04802000000000006,0.04195500000000002
idle_min,0.04296,0.04200000000000004,0.02180000000000004,0.054480000000000084,0.04031000000000004
active_mean,0.03834000000000004,0.03868000000000005,0.017199999999999993,0.06254000000000004,0.03919000000000003
active_max,0.025880000000000014,0.03835999999999995,0.017040000000000055,0.06097999999999992,0.035564999999999986
subflow_fwd_packets,0.00766,0.0816,0.000160000000000049,0.0017200000000000548,0.022785000000000027
idle_std,0.05584,0.009800000000000031,0.007819999999999938,0.016720000000000068,0.02254500000000001
active_std,0.05449999999999999,0.008060000000000067,0.003980000000000095,0.022199999999999998,0.022185000000000038
fwd_bulk_rate_avg,0.024619999999999975,0.008680000000000021,0.01632,0.022360000000000047,0.01799500000000001
fwd_bytes_bulk_avg,0.024780000000000024,0.010020000000000029,0.012600000000000056,0.012700000000000045,0.015025000000000038
fwd_packet_bulk_avg,0.024600000000000066,0.00658000000000003,0.012440000000000007,0.012700000000000045,0.014080000000000037
cwr_flag_count,0.00023999999999990695,0.00037999999999993594,0.00029999999999996696,0.00035999999999991594,0.00031999999999993145
ece_flag_count,0.00013999999999991797,0.00037999999999993594,0.00027999999999994696,0.00037999999999993594,0.0002949999999999342
urg_flag_count,,0.00027999999999994696,,,0.00027999999999994696
fwd_urg_flags,,0.000260000000000038,,,0.000260000000000038
icmp_code,0.00019999999999997797,0.00029999999999996696,9.999999999998899e-05,0.00021999999999999797,0.00020499999999998297
icmp_type,9.999999999998899e-05,0.00029999999999996696,9.999999999998899e-05,0.000160000000000049,0.00016499999999999848
bwd_urg_flags,,2.0000000000020002e-05,,,2.0000000000020002e-05
subflow_bwd_packets,2.0000000000020002e-05,0.0,2.0000000000020002e-05,3.999999999992898e-05,1.9999999999992246e-05
