day,model,threshold,recall,fpr,max_proba
tuesday,cold_start,0.5,0.9816408491107286,0.0,1.0
tuesday,cold_start,0.3,0.9882386689615605,0.0,1.0
tuesday,cold_start,0.1,0.9922547332185886,3.1735352548031456e-06,1.0
tuesday,cold_start,0.05,0.995697074010327,0.00014280908646614155,1.0
tuesday,cold_start,0.01,0.9981353987378083,0.001485214499247872,1.0
tuesday,cold_start_balanced,0.5,0.98407917383821,0.0,0.9999996281667116
tuesday,cold_start_balanced,0.3,0.98938611589214,0.0,0.9999996281667116
tuesday,cold_start_balanced,0.1,0.9944061962134251,0.0,0.9999996281667116
tuesday,cold_start_balanced,0.05,0.9949799196787149,6.0297169841259765e-05,0.9999996281667116
tuesday,cold_start_balanced,0.01,0.995697074010327,0.0009837959289889751,0.9999996281667116
tuesday,cold_start_downsampled,0.5,0.9837923121055652,0.0,1.0
tuesday,cold_start_downsampled,0.3,0.9895295467584624,0.0,1.0
tuesday,cold_start_downsampled,0.1,0.9931153184165232,0.00011424726917291324,1.0
tuesday,cold_start_downsampled,0.05,0.9949799196787149,0.00045698907669165296,1.0
tuesday,cold_start_downsampled,0.01,0.9979919678714859,0.009717364950207232,1.0
tuesday,realistic,0.5,0.9942627653471027,0.0,1.0
tuesday,realistic,0.3,0.998995983935743,0.0,1.0
tuesday,realistic,0.1,0.9995697074010327,4.1255958312440894e-05,1.0
tuesday,realistic,0.05,1.0,0.00013328848070173212,1.0
tuesday,realistic,0.01,1.0,0.0017105355023388955,1.0
tuesday,oracle,0.5,0.9896729776247849,0.00017771797426897616,0.9999545454545455
tuesday,oracle,0.3,0.9948364888123924,0.0002856181729322831,0.9999545454545455
tuesday,oracle,0.1,0.9959839357429718,0.0008632015893064556,0.9999545454545455
tuesday,oracle,0.05,0.9965576592082617,0.002380151441102359,0.9999545454545455
tuesday,oracle,0.01,0.9988525530694206,0.021970384569002178,0.9999545454545455
wednesday,cold_start,0.5,0.0,0.0,0.16
wednesday,cold_start,0.3,0.0,0.0,0.16
wednesday,cold_start,0.1,0.0,1.2534509070284125e-05,0.16
wednesday,cold_start,0.05,0.00018026036356262075,4.387078174599444e-05,0.16
wednesday,cold_start,0.01,0.011823953222435655,0.0015730808883206578,0.16
wednesday,cold_start_balanced,0.5,0.0,0.0,0.11
wednesday,cold_start_balanced,0.3,0.0,0.0,0.11
wednesday,cold_start_balanced,0.1,7.323077269731469e-05,6.267254535142063e-06,0.11
wednesday,cold_start_balanced,0.05,0.0010308639541237374,4.387078174599444e-05,0.11
wednesday,cold_start_balanced,0.01,0.012680189949358104,0.0011469075799309975,0.11
wednesday,cold_start_downsampled,0.5,0.0,0.0,0.18
wednesday,cold_start_downsampled,0.3,0.0,0.0,0.18
wednesday,cold_start_downsampled,0.1,7.886390905864658e-05,3.760352721085238e-05,0.18
wednesday,cold_start_downsampled,0.05,0.0012899882267450049,0.0003070954722219611,0.18
wednesday,cold_start_downsampled,0.01,0.02738267585243436,0.008557936067736487,0.18
wednesday,realistic,0.5,0.0,0.0,0.19
wednesday,realistic,0.3,0.0,0.0,0.19
wednesday,realistic,0.1,0.008776426450955098,4.387078174599444e-05,0.19
wednesday,realistic,0.05,0.00913694717808034,0.00011281058163255714,0.19
wednesday,realistic,0.01,0.03517893657651771,0.0024755655413811147,0.19
wednesday,oracle,0.5,0.9955272897291024,0.0002506901814056825,1.0
wednesday,oracle,0.3,0.9984790531824403,0.00037290164484095274,1.0
wednesday,oracle,0.1,0.9999436686363867,0.0008084758350333261,1.0
wednesday,oracle,0.05,0.9999718343181934,0.0021183320328780173,1.0
wednesday,oracle,0.01,0.9999887337272774,0.01986719687640034,1.0
thursday,cold_start,0.5,0.0,0.0,0.23
thursday,cold_start,0.3,0.0,0.0,0.23
thursday,cold_start,0.1,0.00043299415457891317,4.858226539103518e-05,0.23
thursday,cold_start,0.05,0.003220394024680667,0.00010410485440936111,0.23
thursday,cold_start,0.01,0.3409152413942412,0.001471348608985637,0.23
thursday,cold_start_balanced,0.5,0.0,0.0,0.46
thursday,cold_start_balanced,0.3,0.0,3.47016181364537e-06,0.46
thursday,cold_start_balanced,0.1,0.00021649707728945658,2.776129450916296e-05,0.46
thursday,cold_start_balanced,0.05,0.0013936999350508768,0.00010410485440936111,0.46
thursday,cold_start_balanced,0.01,0.00522299198960814,0.0008536598061567611,0.46
thursday,cold_start_downsampled,0.5,0.0,0.0,0.23
thursday,cold_start_downsampled,0.3,0.0,0.0,0.23
thursday,cold_start_downsampled,0.1,0.00043299415457891317,0.00013186614891852407,0.23
thursday,cold_start_downsampled,0.05,0.0019214115609439272,0.00038865812312828145,0.23
thursday,cold_start_downsampled,0.01,0.2614743450963412,0.007773162462565629,0.23
thursday,realistic,0.5,0.0,0.0,0.43
thursday,realistic,0.3,0.00027062134661182076,3.47016181364537e-06,0.43
thursday,realistic,0.1,0.004424659017103269,8.675404534113425e-05,0.43
thursday,realistic,0.05,0.09566464602727863,0.00013880647254581481,0.43
thursday,realistic,0.01,0.34638179259579993,0.002363180195092497,0.43
thursday,oracle,0.5,0.9931397488633903,0.00022903067970059444,0.9999050059233332
thursday,oracle,0.3,0.9965495778306993,0.00039906860856921757,0.9999050059233332
thursday,oracle,0.1,0.9989987010175363,0.0010826904858573555,0.9999050059233332
thursday,oracle,0.05,0.9996481922494046,0.0024985165058246665,0.9999050059233332
thursday,oracle,0.01,0.999932344663347,0.02084526201456774,0.9999050059233332
friday,cold_start,0.5,0.0,0.0,0.13
friday,cold_start,0.3,0.0,0.0,0.13
friday,cold_start,0.1,0.0,2.7725407563491182e-05,0.13
friday,cold_start,0.05,0.0,0.0001594210934900743,0.13
friday,cold_start,0.01,0.009466706304316772,0.0024536985693689698,0.13
friday,cold_start_balanced,0.5,0.0,0.0,0.18
friday,cold_start_balanced,0.3,0.0,0.0,0.18
friday,cold_start_balanced,0.1,0.0,1.0397027836309194e-05,0.18
friday,cold_start_balanced,0.05,0.0,0.0001351613618720195,0.18
friday,cold_start_balanced,0.01,0.030176091547528504,0.001358544970611068,0.18
friday,cold_start_downsampled,0.5,0.0,0.0,0.22
friday,cold_start_downsampled,0.3,0.0,0.0,0.22
friday,cold_start_downsampled,0.1,3.860810075169972e-06,0.00014209271376289232,0.22
friday,cold_start_downsampled,0.05,0.00013512835263094903,0.0005683708550515693,0.22
friday,cold_start_downsampled,0.01,0.36694683278445483,0.009873710768548297,0.22
friday,realistic,0.5,0.0,0.0,0.2366666666666667
friday,realistic,0.3,0.0,0.0,0.2366666666666667
friday,realistic,0.1,0.00021234455413434846,9.357325052678274e-05,0.2366666666666667
friday,realistic,0.05,0.0006408944724782153,0.00015248974159920152,0.2366666666666667
friday,realistic,0.01,0.6777999559867651,0.0034067594543639793,0.2366666666666667
friday,oracle,0.5,0.9964557763509939,0.00011436730619940113,0.9999889289437057
friday,oracle,0.3,0.9989459988494785,0.00021833758456249306,0.9999889289437057
friday,oracle,0.1,0.9997143000544374,0.0007763114117777532,0.9999889289437057
friday,oracle,0.05,0.9999382270387973,0.0024051791061328602,0.9999889289437057
friday,oracle,0.01,0.9999961391899248,0.022440251746700675,0.9999889289437057
