day,seed,method,gt,k,precision,recall,total_divergence,aux_recall
tuesday,42,dual_gain,GT1,5,0.0,0.0,0.44098264988037694,1.0
tuesday,42,dual_gain,GT1,10,0.0,0.0,0.44098264988037694,1.0
tuesday,42,dual_gain,GT1,20,0.1,0.13333333333333333,0.44098264988037694,1.0
tuesday,42,dual_gain,GT2,5,0.2,0.06666666666666667,0.44098264988037694,1.0
tuesday,42,dual_gain,GT2,10,0.1,0.06666666666666667,0.44098264988037694,1.0
tuesday,42,dual_gain,GT2,20,0.2,0.26666666666666666,0.44098264988037694,1.0
tuesday,42,dual_abs,GT1,5,0.2,0.06666666666666667,0.44098264988037694,1.0
tuesday,42,dual_abs,GT1,10,0.4,0.26666666666666666,0.44098264988037694,1.0
tuesday,42,dual_abs,GT1,20,0.3,0.4,0.44098264988037694,1.0
tuesday,42,dual_abs,GT2,5,0.0,0.0,0.44098264988037694,1.0
tuesday,42,dual_abs,GT2,10,0.2,0.13333333333333333,0.44098264988037694,1.0
tuesday,42,dual_abs,GT2,20,0.25,0.3333333333333333,0.44098264988037694,1.0
tuesday,42,aux_only,GT1,5,0.0,0.0,0.44098264988037694,1.0
tuesday,42,aux_only,GT1,10,0.2,0.13333333333333333,0.44098264988037694,1.0
tuesday,42,aux_only,GT1,20,0.3,0.4,0.44098264988037694,1.0
tuesday,42,aux_only,GT2,5,0.0,0.0,0.44098264988037694,1.0
tuesday,42,aux_only,GT2,10,0.3,0.2,0.44098264988037694,1.0
tuesday,42,aux_only,GT2,20,0.25,0.3333333333333333,0.44098264988037694,1.0
tuesday,42,main_only,GT1,5,0.0,0.0,0.44098264988037694,1.0
tuesday,42,main_only,GT1,10,0.2,0.13333333333333333,0.44098264988037694,1.0
tuesday,42,main_only,GT1,20,0.5,0.6666666666666666,0.44098264988037694,1.0
tuesday,42,main_only,GT2,5,0.0,0.0,0.44098264988037694,1.0
tuesday,42,main_only,GT2,10,0.1,0.06666666666666667,0.44098264988037694,1.0
tuesday,42,main_only,GT2,20,0.4,0.5333333333333333,0.44098264988037694,1.0
tuesday,42,perm_disagree,GT1,5,0.0,0.0,0.44098264988037694,1.0
tuesday,42,perm_disagree,GT1,10,0.3,0.2,0.44098264988037694,1.0
tuesday,42,perm_disagree,GT1,20,0.35,0.4666666666666667,0.44098264988037694,1.0
tuesday,42,perm_disagree,GT2,5,0.0,0.0,0.44098264988037694,1.0
tuesday,42,perm_disagree,GT2,10,0.3,0.2,0.44098264988037694,1.0
tuesday,42,perm_disagree,GT2,20,0.25,0.3333333333333333,0.44098264988037694,1.0
tuesday,42,random,GT1,5,0.2,0.06666666666666667,0.44098264988037694,1.0
tuesday,42,random,GT1,10,0.3,0.2,0.44098264988037694,1.0
tuesday,42,random,GT1,20,0.3,0.4,0.44098264988037694,1.0
tuesday,42,random,GT2,5,0.2,0.06666666666666667,0.44098264988037694,1.0
tuesday,42,random,GT2,10,0.3,0.2,0.44098264988037694,1.0
tuesday,42,random,GT2,20,0.25,0.3333333333333333,0.44098264988037694,1.0
tuesday,1,dual_gain,GT1,5,0.0,0.0,0.4214941295915051,0.9767441860465116
tuesday,1,dual_gain,GT1,10,0.0,0.0,0.4214941295915051,0.9767441860465116
tuesday,1,dual_gain,GT1,20,0.05,0.06666666666666667,0.4214941295915051,0.9767441860465116
tuesday,1,dual_gain,GT2,5,0.2,0.06666666666666667,0.4214941295915051,0.9767441860465116
tuesday,1,dual_gain,GT2,10,0.1,0.06666666666666667,0.4214941295915051,0.9767441860465116
tuesday,1,dual_gain,GT2,20,0.1,0.13333333333333333,0.4214941295915051,0.9767441860465116
tuesday,1,dual_abs,GT1,5,0.0,0.0,0.4214941295915051,0.9767441860465116
tuesday,1,dual_abs,GT1,10,0.2,0.13333333333333333,0.4214941295915051,0.9767441860465116
tuesday,1,dual_abs,GT1,20,0.3,0.4,0.4214941295915051,0.9767441860465116
tuesday,1,dual_abs,GT2,5,0.2,0.06666666666666667,0.4214941295915051,0.9767441860465116
tuesday,1,dual_abs,GT2,10,0.1,0.06666666666666667,0.4214941295915051,0.9767441860465116
tuesday,1,dual_abs,GT2,20,0.25,0.3333333333333333,0.4214941295915051,0.9767441860465116
tuesday,1,aux_only,GT1,5,0.0,0.0,0.4214941295915051,0.9767441860465116
tuesday,1,aux_only,GT1,10,0.2,0.13333333333333333,0.4214941295915051,0.9767441860465116
tuesday,1,aux_only,GT1,20,0.35,0.4666666666666667,0.4214941295915051,0.9767441860465116
tuesday,1,aux_only,GT2,5,0.0,0.0,0.4214941295915051,0.9767441860465116
tuesday,1,aux_only,GT2,10,0.2,0.13333333333333333,0.4214941295915051,0.9767441860465116
tuesday,1,aux_only,GT2,20,0.4,0.5333333333333333,0.4214941295915051,0.9767441860465116
tuesday,1,main_only,GT1,5,0.0,0.0,0.4214941295915051,0.9767441860465116
tuesday,1,main_only,GT1,10,0.2,0.13333333333333333,0.4214941295915051,0.9767441860465116
tuesday,1,main_only,GT1,20,0.45,0.6,0.4214941295915051,0.9767441860465116
tuesday,1,main_only,GT2,5,0.0,0.0,0.4214941295915051,0.9767441860465116
tuesday,1,main_only,GT2,10,0.1,0.06666666666666667,0.4214941295915051,0.9767441860465116
tuesday,1,main_only,GT2,20,0.35,0.4666666666666667,0.4214941295915051,0.9767441860465116
tuesday,1,perm_disagree,GT1,5,0.0,0.0,0.4214941295915051,0.9767441860465116
tuesday,1,perm_disagree,GT1,10,0.4,0.26666666666666666,0.4214941295915051,0.9767441860465116
tuesday,1,perm_disagree,GT1,20,0.35,0.4666666666666667,0.4214941295915051,0.9767441860465116
tuesday,1,perm_disagree,GT2,5,0.0,0.0,0.4214941295915051,0.9767441860465116
tuesday,1,perm_disagree,GT2,10,0.3,0.2,0.4214941295915051,0.9767441860465116
tuesday,1,perm_disagree,GT2,20,0.25,0.3333333333333333,0.4214941295915051,0.9767441860465116
tuesday,1,random,GT1,5,0.0,0.0,0.4214941295915051,0.9767441860465116
tuesday,1,random,GT1,10,0.0,0.0,0.4214941295915051,0.9767441860465116
tuesday,1,random,GT1,20,0.25,0.3333333333333333,0.4214941295915051,0.9767441860465116
tuesday,1,random,GT2,5,0.0,0.0,0.4214941295915051,0.9767441860465116
tuesday,1,random,GT2,10,0.0,0.0,0.4214941295915051,0.9767441860465116
tuesday,1,random,GT2,20,0.25,0.3333333333333333,0.4214941295915051,0.9767441860465116
tuesday,7,dual_gain,GT1,5,0.0,0.0,0.5282599190916868,1.0
tuesday,7,dual_gain,GT1,10,0.0,0.0,0.5282599190916868,1.0
tuesday,7,dual_gain,GT1,20,0.1,0.13333333333333333,0.5282599190916868,1.0
tuesday,7,dual_gain,GT2,5,0.0,0.0,0.5282599190916868,1.0
tuesday,7,dual_gain,GT2,10,0.1,0.06666666666666667,0.5282599190916868,1.0
tuesday,7,dual_gain,GT2,20,0.1,0.13333333333333333,0.5282599190916868,1.0
tuesday,7,dual_abs,GT1,5,0.0,0.0,0.5282599190916868,1.0
tuesday,7,dual_abs,GT1,10,0.1,0.06666666666666667,0.5282599190916868,1.0
tuesday,7,dual_abs,GT1,20,0.2,0.26666666666666666,0.5282599190916868,1.0
tuesday,7,dual_abs,GT2,5,0.0,0.0,0.5282599190916868,1.0
tuesday,7,dual_abs,GT2,10,0.0,0.0,0.5282599190916868,1.0
tuesday,7,dual_abs,GT2,20,0.15,0.2,0.5282599190916868,1.0
tuesday,7,aux_only,GT1,5,0.2,0.06666666666666667,0.5282599190916868,1.0
tuesday,7,aux_only,GT1,10,0.2,0.13333333333333333,0.5282599190916868,1.0
tuesday,7,aux_only,GT1,20,0.25,0.3333333333333333,0.5282599190916868,1.0
tuesday,7,aux_only,GT2,5,0.0,0.0,0.5282599190916868,1.0
tuesday,7,aux_only,GT2,10,0.1,0.06666666666666667,0.5282599190916868,1.0
tuesday,7,aux_only,GT2,20,0.3,0.4,0.5282599190916868,1.0
tuesday,7,main_only,GT1,5,0.0,0.0,0.5282599190916868,1.0
tuesday,7,main_only,GT1,10,0.2,0.13333333333333333,0.5282599190916868,1.0
tuesday,7,main_only,GT1,20,0.45,0.6,0.5282599190916868,1.0
tuesday,7,main_only,GT2,5,0.0,0.0,0.5282599190916868,1.0
tuesday,7,main_only,GT2,10,0.1,0.06666666666666667,0.5282599190916868,1.0
tuesday,7,main_only,GT2,20,0.4,0.5333333333333333,0.5282599190916868,1.0
tuesday,7,perm_disagree,GT1,5,0.0,0.0,0.5282599190916868,1.0
tuesday,7,perm_disagree,GT1,10,0.4,0.26666666666666666,0.5282599190916868,1.0
tuesday,7,perm_disagree,GT1,20,0.35,0.4666666666666667,0.5282599190916868,1.0
tuesday,7,perm_disagree,GT2,5,0.0,0.0,0.5282599190916868,1.0
tuesday,7,perm_disagree,GT2,10,0.3,0.2,0.5282599190916868,1.0
tuesday,7,perm_disagree,GT2,20,0.25,0.3333333333333333,0.5282599190916868,1.0
tuesday,7,random,GT1,5,0.0,0.0,0.5282599190916868,1.0
tuesday,7,random,GT1,10,0.1,0.06666666666666667,0.5282599190916868,1.0
tuesday,7,random,GT1,20,0.25,0.3333333333333333,0.5282599190916868,1.0
tuesday,7,random,GT2,5,0.2,0.06666666666666667,0.5282599190916868,1.0
tuesday,7,random,GT2,10,0.2,0.13333333333333333,0.5282599190916868,1.0
tuesday,7,random,GT2,20,0.3,0.4,0.5282599190916868,1.0
wednesday,42,dual_gain,GT1,5,1.0,0.3333333333333333,1.0801017233883239,1.0
wednesday,42,dual_gain,GT1,10,1.0,0.6666666666666666,1.0801017233883239,1.0
wednesday,42,dual_gain,GT1,20,0.6,0.8,1.0801017233883239,1.0
wednesday,42,dual_gain,GT2,5,1.0,0.3333333333333333,1.0801017233883239,1.0
wednesday,42,dual_gain,GT2,10,0.9,0.6,1.0801017233883239,1.0
wednesday,42,dual_gain,GT2,20,0.65,0.8666666666666667,1.0801017233883239,1.0
wednesday,42,dual_abs,GT1,5,0.8,0.26666666666666666,1.0801017233883239,1.0
wednesday,42,dual_abs,GT1,10,0.6,0.4,1.0801017233883239,1.0
wednesday,42,dual_abs,GT1,20,0.4,0.5333333333333333,1.0801017233883239,1.0
wednesday,42,dual_abs,GT2,5,0.8,0.26666666666666666,1.0801017233883239,1.0
wednesday,42,dual_abs,GT2,10,0.6,0.4,1.0801017233883239,1.0
wednesday,42,dual_abs,GT2,20,0.35,0.4666666666666667,1.0801017233883239,1.0
wednesday,42,aux_only,GT1,5,1.0,0.3333333333333333,1.0801017233883239,1.0
wednesday,42,aux_only,GT1,10,1.0,0.6666666666666666,1.0801017233883239,1.0
wednesday,42,aux_only,GT1,20,0.75,1.0,1.0801017233883239,1.0
wednesday,42,aux_only,GT2,5,1.0,0.3333333333333333,1.0801017233883239,1.0
wednesday,42,aux_only,GT2,10,0.9,0.6,1.0801017233883239,1.0
wednesday,42,aux_only,GT2,20,0.7,0.9333333333333333,1.0801017233883239,1.0
wednesday,42,main_only,GT1,5,0.0,0.0,1.0801017233883239,1.0
wednesday,42,main_only,GT1,10,0.3,0.2,1.0801017233883239,1.0
wednesday,42,main_only,GT1,20,0.4,0.5333333333333333,1.0801017233883239,1.0
wednesday,42,main_only,GT2,5,0.0,0.0,1.0801017233883239,1.0
wednesday,42,main_only,GT2,10,0.2,0.13333333333333333,1.0801017233883239,1.0
wednesday,42,main_only,GT2,20,0.35,0.4666666666666667,1.0801017233883239,1.0
wednesday,42,perm_disagree,GT1,5,0.2,0.06666666666666667,1.0801017233883239,1.0
wednesday,42,perm_disagree,GT1,10,0.2,0.13333333333333333,1.0801017233883239,1.0
wednesday,42,perm_disagree,GT1,20,0.25,0.3333333333333333,1.0801017233883239,1.0
wednesday,42,perm_disagree,GT2,5,0.2,0.06666666666666667,1.0801017233883239,1.0
wednesday,42,perm_disagree,GT2,10,0.2,0.13333333333333333,1.0801017233883239,1.0
wednesday,42,perm_disagree,GT2,20,0.25,0.3333333333333333,1.0801017233883239,1.0
wednesday,42,random,GT1,5,0.2,0.06666666666666667,1.0801017233883239,1.0
wednesday,42,random,GT1,10,0.3,0.2,1.0801017233883239,1.0
wednesday,42,random,GT1,20,0.2,0.26666666666666666,1.0801017233883239,1.0
wednesday,42,random,GT2,5,0.2,0.06666666666666667,1.0801017233883239,1.0
wednesday,42,random,GT2,10,0.3,0.2,1.0801017233883239,1.0
wednesday,42,random,GT2,20,0.2,0.26666666666666666,1.0801017233883239,1.0
wednesday,1,dual_gain,GT1,5,1.0,0.3333333333333333,1.1435903090806847,1.0
wednesday,1,dual_gain,GT1,10,1.0,0.6666666666666666,1.1435903090806847,1.0
wednesday,1,dual_gain,GT1,20,0.6,0.8,1.1435903090806847,1.0
wednesday,1,dual_gain,GT2,5,1.0,0.3333333333333333,1.1435903090806847,1.0
wednesday,1,dual_gain,GT2,10,0.9,0.6,1.1435903090806847,1.0
wednesday,1,dual_gain,GT2,20,0.65,0.8666666666666667,1.1435903090806847,1.0
wednesday,1,dual_abs,GT1,5,0.8,0.26666666666666666,1.1435903090806847,1.0
wednesday,1,dual_abs,GT1,10,0.6,0.4,1.1435903090806847,1.0
wednesday,1,dual_abs,GT1,20,0.45,0.6,1.1435903090806847,1.0
wednesday,1,dual_abs,GT2,5,0.8,0.26666666666666666,1.1435903090806847,1.0
wednesday,1,dual_abs,GT2,10,0.6,0.4,1.1435903090806847,1.0
wednesday,1,dual_abs,GT2,20,0.45,0.6,1.1435903090806847,1.0
wednesday,1,aux_only,GT1,5,1.0,0.3333333333333333,1.1435903090806847,1.0
wednesday,1,aux_only,GT1,10,1.0,0.6666666666666666,1.1435903090806847,1.0
wednesday,1,aux_only,GT1,20,0.7,0.9333333333333333,1.1435903090806847,1.0
wednesday,1,aux_only,GT2,5,1.0,0.3333333333333333,1.1435903090806847,1.0
wednesday,1,aux_only,GT2,10,1.0,0.6666666666666666,1.1435903090806847,1.0
wednesday,1,aux_only,GT2,20,0.65,0.8666666666666667,1.1435903090806847,1.0
wednesday,1,main_only,GT1,5,0.0,0.0,1.1435903090806847,1.0
wednesday,1,main_only,GT1,10,0.3,0.2,1.1435903090806847,1.0
wednesday,1,main_only,GT1,20,0.4,0.5333333333333333,1.1435903090806847,1.0
wednesday,1,main_only,GT2,5,0.0,0.0,1.1435903090806847,1.0
wednesday,1,main_only,GT2,10,0.2,0.13333333333333333,1.1435903090806847,1.0
wednesday,1,main_only,GT2,20,0.35,0.4666666666666667,1.1435903090806847,1.0
wednesday,1,perm_disagree,GT1,5,0.4,0.13333333333333333,1.1435903090806847,1.0
wednesday,1,perm_disagree,GT1,10,0.6,0.4,1.1435903090806847,1.0
wednesday,1,perm_disagree,GT1,20,0.4,0.5333333333333333,1.1435903090806847,1.0
wednesday,1,perm_disagree,GT2,5,0.4,0.13333333333333333,1.1435903090806847,1.0
wednesday,1,perm_disagree,GT2,10,0.5,0.3333333333333333,1.1435903090806847,1.0
wednesday,1,perm_disagree,GT2,20,0.35,0.4666666666666667,1.1435903090806847,1.0
wednesday,1,random,GT1,5,0.0,0.0,1.1435903090806847,1.0
wednesday,1,random,GT1,10,0.0,0.0,1.1435903090806847,1.0
wednesday,1,random,GT1,20,0.2,0.26666666666666666,1.1435903090806847,1.0
wednesday,1,random,GT2,5,0.0,0.0,1.1435903090806847,1.0
wednesday,1,random,GT2,10,0.0,0.0,1.1435903090806847,1.0
wednesday,1,random,GT2,20,0.2,0.26666666666666666,1.1435903090806847,1.0
wednesday,7,dual_gain,GT1,5,1.0,0.3333333333333333,1.099877928093958,1.0
wednesday,7,dual_gain,GT1,10,1.0,0.6666666666666666,1.099877928093958,1.0
wednesday,7,dual_gain,GT1,20,0.7,0.9333333333333333,1.099877928093958,1.0
wednesday,7,dual_gain,GT2,5,1.0,0.3333333333333333,1.099877928093958,1.0
wednesday,7,dual_gain,GT2,10,0.9,0.6,1.099877928093958,1.0
wednesday,7,dual_gain,GT2,20,0.65,0.8666666666666667,1.099877928093958,1.0
wednesday,7,dual_abs,GT1,5,0.6,0.2,1.099877928093958,1.0
wednesday,7,dual_abs,GT1,10,0.6,0.4,1.099877928093958,1.0
wednesday,7,dual_abs,GT1,20,0.5,0.6666666666666666,1.099877928093958,1.0
wednesday,7,dual_abs,GT2,5,0.6,0.2,1.099877928093958,1.0
wednesday,7,dual_abs,GT2,10,0.6,0.4,1.099877928093958,1.0
wednesday,7,dual_abs,GT2,20,0.45,0.6,1.099877928093958,1.0
wednesday,7,aux_only,GT1,5,1.0,0.3333333333333333,1.099877928093958,1.0
wednesday,7,aux_only,GT1,10,1.0,0.6666666666666666,1.099877928093958,1.0
wednesday,7,aux_only,GT1,20,0.75,1.0,1.099877928093958,1.0
wednesday,7,aux_only,GT2,5,1.0,0.3333333333333333,1.099877928093958,1.0
wednesday,7,aux_only,GT2,10,0.9,0.6,1.099877928093958,1.0
wednesday,7,aux_only,GT2,20,0.65,0.8666666666666667,1.099877928093958,1.0
wednesday,7,main_only,GT1,5,0.0,0.0,1.099877928093958,1.0
wednesday,7,main_only,GT1,10,0.3,0.2,1.099877928093958,1.0
wednesday,7,main_only,GT1,20,0.4,0.5333333333333333,1.099877928093958,1.0
wednesday,7,main_only,GT2,5,0.0,0.0,1.099877928093958,1.0
wednesday,7,main_only,GT2,10,0.2,0.13333333333333333,1.099877928093958,1.0
wednesday,7,main_only,GT2,20,0.35,0.4666666666666667,1.099877928093958,1.0
wednesday,7,perm_disagree,GT1,5,0.2,0.06666666666666667,1.099877928093958,1.0
wednesday,7,perm_disagree,GT1,10,0.2,0.13333333333333333,1.099877928093958,1.0
wednesday,7,perm_disagree,GT1,20,0.25,0.3333333333333333,1.099877928093958,1.0
wednesday,7,perm_disagree,GT2,5,0.2,0.06666666666666667,1.099877928093958,1.0
wednesday,7,perm_disagree,GT2,10,0.2,0.13333333333333333,1.099877928093958,1.0
wednesday,7,perm_disagree,GT2,20,0.25,0.3333333333333333,1.099877928093958,1.0
wednesday,7,random,GT1,5,0.2,0.06666666666666667,1.099877928093958,1.0
wednesday,7,random,GT1,10,0.2,0.13333333333333333,1.099877928093958,1.0
wednesday,7,random,GT1,20,0.25,0.3333333333333333,1.099877928093958,1.0
wednesday,7,random,GT2,5,0.2,0.06666666666666667,1.099877928093958,1.0
wednesday,7,random,GT2,10,0.2,0.13333333333333333,1.099877928093958,1.0
wednesday,7,random,GT2,20,0.25,0.3333333333333333,1.099877928093958,1.0
thursday,42,dual_gain,GT1,5,0.4,0.13333333333333333,1.1746165978993357,0.9950980392156863
thursday,42,dual_gain,GT1,10,0.4,0.26666666666666666,1.1746165978993357,0.9950980392156863
thursday,42,dual_gain,GT1,20,0.45,0.6,1.1746165978993357,0.9950980392156863
thursday,42,dual_gain,GT2,5,0.6,0.2,1.1746165978993357,0.9950980392156863
thursday,42,dual_gain,GT2,10,0.5,0.3333333333333333,1.1746165978993357,0.9950980392156863
thursday,42,dual_gain,GT2,20,0.5,0.6666666666666666,1.1746165978993357,0.9950980392156863
thursday,42,dual_abs,GT1,5,0.0,0.0,1.1746165978993357,0.9950980392156863
thursday,42,dual_abs,GT1,10,0.2,0.13333333333333333,1.1746165978993357,0.9950980392156863
thursday,42,dual_abs,GT1,20,0.35,0.4666666666666667,1.1746165978993357,0.9950980392156863
thursday,42,dual_abs,GT2,5,0.4,0.13333333333333333,1.1746165978993357,0.9950980392156863
thursday,42,dual_abs,GT2,10,0.3,0.2,1.1746165978993357,0.9950980392156863
thursday,42,dual_abs,GT2,20,0.3,0.4,1.1746165978993357,0.9950980392156863
thursday,42,aux_only,GT1,5,0.4,0.13333333333333333,1.1746165978993357,0.9950980392156863
thursday,42,aux_only,GT1,10,0.6,0.4,1.1746165978993357,0.9950980392156863
thursday,42,aux_only,GT1,20,0.55,0.7333333333333333,1.1746165978993357,0.9950980392156863
thursday,42,aux_only,GT2,5,0.6,0.2,1.1746165978993357,0.9950980392156863
thursday,42,aux_only,GT2,10,0.7,0.4666666666666667,1.1746165978993357,0.9950980392156863
thursday,42,aux_only,GT2,20,0.65,0.8666666666666667,1.1746165978993357,0.9950980392156863
thursday,42,main_only,GT1,5,0.2,0.06666666666666667,1.1746165978993357,0.9950980392156863
thursday,42,main_only,GT1,10,0.3,0.2,1.1746165978993357,0.9950980392156863
thursday,42,main_only,GT1,20,0.4,0.5333333333333333,1.1746165978993357,0.9950980392156863
thursday,42,main_only,GT2,5,0.2,0.06666666666666667,1.1746165978993357,0.9950980392156863
thursday,42,main_only,GT2,10,0.1,0.06666666666666667,1.1746165978993357,0.9950980392156863
thursday,42,main_only,GT2,20,0.3,0.4,1.1746165978993357,0.9950980392156863
thursday,42,perm_disagree,GT1,5,0.0,0.0,1.1746165978993357,0.9950980392156863
thursday,42,perm_disagree,GT1,10,0.4,0.26666666666666666,1.1746165978993357,0.9950980392156863
thursday,42,perm_disagree,GT1,20,0.4,0.5333333333333333,1.1746165978993357,0.9950980392156863
thursday,42,perm_disagree,GT2,5,0.2,0.06666666666666667,1.1746165978993357,0.9950980392156863
thursday,42,perm_disagree,GT2,10,0.4,0.26666666666666666,1.1746165978993357,0.9950980392156863
thursday,42,perm_disagree,GT2,20,0.3,0.4,1.1746165978993357,0.9950980392156863
thursday,42,random,GT1,5,0.2,0.06666666666666667,1.1746165978993357,0.9950980392156863
thursday,42,random,GT1,10,0.4,0.26666666666666666,1.1746165978993357,0.9950980392156863
thursday,42,random,GT1,20,0.3,0.4,1.1746165978993357,0.9950980392156863
thursday,42,random,GT2,5,0.0,0.0,1.1746165978993357,0.9950980392156863
thursday,42,random,GT2,10,0.2,0.13333333333333333,1.1746165978993357,0.9950980392156863
thursday,42,random,GT2,20,0.2,0.26666666666666666,1.1746165978993357,0.9950980392156863
thursday,1,dual_gain,GT1,5,0.4,0.13333333333333333,1.1797804853182987,1.0
thursday,1,dual_gain,GT1,10,0.4,0.26666666666666666,1.1797804853182987,1.0
thursday,1,dual_gain,GT1,20,0.45,0.6,1.1797804853182987,1.0
thursday,1,dual_gain,GT2,5,1.0,0.3333333333333333,1.1797804853182987,1.0
thursday,1,dual_gain,GT2,10,0.7,0.4666666666666667,1.1797804853182987,1.0
thursday,1,dual_gain,GT2,20,0.5,0.6666666666666666,1.1797804853182987,1.0
thursday,1,dual_abs,GT1,5,0.0,0.0,1.1797804853182987,1.0
thursday,1,dual_abs,GT1,10,0.2,0.13333333333333333,1.1797804853182987,1.0
thursday,1,dual_abs,GT1,20,0.3,0.4,1.1797804853182987,1.0
thursday,1,dual_abs,GT2,5,0.4,0.13333333333333333,1.1797804853182987,1.0
thursday,1,dual_abs,GT2,10,0.5,0.3333333333333333,1.1797804853182987,1.0
thursday,1,dual_abs,GT2,20,0.35,0.4666666666666667,1.1797804853182987,1.0
thursday,1,aux_only,GT1,5,0.4,0.13333333333333333,1.1797804853182987,1.0
thursday,1,aux_only,GT1,10,0.5,0.3333333333333333,1.1797804853182987,1.0
thursday,1,aux_only,GT1,20,0.6,0.8,1.1797804853182987,1.0
thursday,1,aux_only,GT2,5,1.0,0.3333333333333333,1.1797804853182987,1.0
thursday,1,aux_only,GT2,10,0.8,0.5333333333333333,1.1797804853182987,1.0
thursday,1,aux_only,GT2,20,0.6,0.8,1.1797804853182987,1.0
thursday,1,main_only,GT1,5,0.2,0.06666666666666667,1.1797804853182987,1.0
thursday,1,main_only,GT1,10,0.3,0.2,1.1797804853182987,1.0
thursday,1,main_only,GT1,20,0.4,0.5333333333333333,1.1797804853182987,1.0
thursday,1,main_only,GT2,5,0.2,0.06666666666666667,1.1797804853182987,1.0
thursday,1,main_only,GT2,10,0.1,0.06666666666666667,1.1797804853182987,1.0
thursday,1,main_only,GT2,20,0.3,0.4,1.1797804853182987,1.0
thursday,1,perm_disagree,GT1,5,0.2,0.06666666666666667,1.1797804853182987,1.0
thursday,1,perm_disagree,GT1,10,0.4,0.26666666666666666,1.1797804853182987,1.0
thursday,1,perm_disagree,GT1,20,0.4,0.5333333333333333,1.1797804853182987,1.0
thursday,1,perm_disagree,GT2,5,0.4,0.13333333333333333,1.1797804853182987,1.0
thursday,1,perm_disagree,GT2,10,0.4,0.26666666666666666,1.1797804853182987,1.0
thursday,1,perm_disagree,GT2,20,0.3,0.4,1.1797804853182987,1.0
thursday,1,random,GT1,5,0.0,0.0,1.1797804853182987,1.0
thursday,1,random,GT1,10,0.0,0.0,1.1797804853182987,1.0
thursday,1,random,GT1,20,0.2,0.26666666666666666,1.1797804853182987,1.0
thursday,1,random,GT2,5,0.2,0.06666666666666667,1.1797804853182987,1.0
thursday,1,random,GT2,10,0.1,0.06666666666666667,1.1797804853182987,1.0
thursday,1,random,GT2,20,0.25,0.3333333333333333,1.1797804853182987,1.0
thursday,7,dual_gain,GT1,5,0.2,0.06666666666666667,1.1279907526494333,0.9950980392156863
thursday,7,dual_gain,GT1,10,0.4,0.26666666666666666,1.1279907526494333,0.9950980392156863
thursday,7,dual_gain,GT1,20,0.45,0.6,1.1279907526494333,0.9950980392156863
thursday,7,dual_gain,GT2,5,0.6,0.2,1.1279907526494333,0.9950980392156863
thursday,7,dual_gain,GT2,10,0.7,0.4666666666666667,1.1279907526494333,0.9950980392156863
thursday,7,dual_gain,GT2,20,0.55,0.7333333333333333,1.1279907526494333,0.9950980392156863
thursday,7,dual_abs,GT1,5,0.0,0.0,1.1279907526494333,0.9950980392156863
thursday,7,dual_abs,GT1,10,0.1,0.06666666666666667,1.1279907526494333,0.9950980392156863
thursday,7,dual_abs,GT1,20,0.3,0.4,1.1279907526494333,0.9950980392156863
thursday,7,dual_abs,GT2,5,0.4,0.13333333333333333,1.1279907526494333,0.9950980392156863
thursday,7,dual_abs,GT2,10,0.4,0.26666666666666666,1.1279907526494333,0.9950980392156863
thursday,7,dual_abs,GT2,20,0.4,0.5333333333333333,1.1279907526494333,0.9950980392156863
thursday,7,aux_only,GT1,5,0.2,0.06666666666666667,1.1279907526494333,0.9950980392156863
thursday,7,aux_only,GT1,10,0.4,0.26666666666666666,1.1279907526494333,0.9950980392156863
thursday,7,aux_only,GT1,20,0.55,0.7333333333333333,1.1279907526494333,0.9950980392156863
thursday,7,aux_only,GT2,5,0.6,0.2,1.1279907526494333,0.9950980392156863
thursday,7,aux_only,GT2,10,0.7,0.4666666666666667,1.1279907526494333,0.9950980392156863
thursday,7,aux_only,GT2,20,0.6,0.8,1.1279907526494333,0.9950980392156863
thursday,7,main_only,GT1,5,0.2,0.06666666666666667,1.1279907526494333,0.9950980392156863
thursday,7,main_only,GT1,10,0.3,0.2,1.1279907526494333,0.9950980392156863
thursday,7,main_only,GT1,20,0.4,0.5333333333333333,1.1279907526494333,0.9950980392156863
thursday,7,main_only,GT2,5,0.2,0.06666666666666667,1.1279907526494333,0.9950980392156863
thursday,7,main_only,GT2,10,0.1,0.06666666666666667,1.1279907526494333,0.9950980392156863
thursday,7,main_only,GT2,20,0.25,0.3333333333333333,1.1279907526494333,0.9950980392156863
thursday,7,perm_disagree,GT1,5,0.4,0.13333333333333333,1.1279907526494333,0.9950980392156863
thursday,7,perm_disagree,GT1,10,0.3,0.2,1.1279907526494333,0.9950980392156863
thursday,7,perm_disagree,GT1,20,0.35,0.4666666666666667,1.1279907526494333,0.9950980392156863
thursday,7,perm_disagree,GT2,5,0.2,0.06666666666666667,1.1279907526494333,0.9950980392156863
thursday,7,perm_disagree,GT2,10,0.3,0.2,1.1279907526494333,0.9950980392156863
thursday,7,perm_disagree,GT2,20,0.25,0.3333333333333333,1.1279907526494333,0.9950980392156863
thursday,7,random,GT1,5,0.0,0.0,1.1279907526494333,0.9950980392156863
thursday,7,random,GT1,10,0.1,0.06666666666666667,1.1279907526494333,0.9950980392156863
thursday,7,random,GT1,20,0.2,0.26666666666666666,1.1279907526494333,0.9950980392156863
thursday,7,random,GT2,5,0.0,0.0,1.1279907526494333,0.9950980392156863
thursday,7,random,GT2,10,0.2,0.13333333333333333,1.1279907526494333,0.9950980392156863
thursday,7,random,GT2,20,0.25,0.3333333333333333,1.1279907526494333,0.9950980392156863
friday,42,dual_gain,GT1,5,0.8,0.26666666666666666,1.1958534295972583,1.0
friday,42,dual_gain,GT1,10,0.5,0.3333333333333333,1.1958534295972583,1.0
friday,42,dual_gain,GT1,20,0.3,0.4,1.1958534295972583,1.0
friday,42,dual_gain,GT2,5,0.8,0.26666666666666666,1.1958534295972583,1.0
friday,42,dual_gain,GT2,10,0.5,0.3333333333333333,1.1958534295972583,1.0
friday,42,dual_gain,GT2,20,0.35,0.4666666666666667,1.1958534295972583,1.0
friday,42,dual_abs,GT1,5,0.6,0.2,1.1958534295972583,1.0
friday,42,dual_abs,GT1,10,0.4,0.26666666666666666,1.1958534295972583,1.0
friday,42,dual_abs,GT1,20,0.4,0.5333333333333333,1.1958534295972583,1.0
friday,42,dual_abs,GT2,5,0.6,0.2,1.1958534295972583,1.0
friday,42,dual_abs,GT2,10,0.4,0.26666666666666666,1.1958534295972583,1.0
friday,42,dual_abs,GT2,20,0.45,0.6,1.1958534295972583,1.0
friday,42,aux_only,GT1,5,0.8,0.26666666666666666,1.1958534295972583,1.0
friday,42,aux_only,GT1,10,0.6,0.4,1.1958534295972583,1.0
friday,42,aux_only,GT1,20,0.4,0.5333333333333333,1.1958534295972583,1.0
friday,42,aux_only,GT2,5,0.8,0.26666666666666666,1.1958534295972583,1.0
friday,42,aux_only,GT2,10,0.6,0.4,1.1958534295972583,1.0
friday,42,aux_only,GT2,20,0.35,0.4666666666666667,1.1958534295972583,1.0
friday,42,main_only,GT1,5,0.2,0.06666666666666667,1.1958534295972583,1.0
friday,42,main_only,GT1,10,0.2,0.13333333333333333,1.1958534295972583,1.0
friday,42,main_only,GT1,20,0.35,0.4666666666666667,1.1958534295972583,1.0
friday,42,main_only,GT2,5,0.2,0.06666666666666667,1.1958534295972583,1.0
friday,42,main_only,GT2,10,0.3,0.2,1.1958534295972583,1.0
friday,42,main_only,GT2,20,0.4,0.5333333333333333,1.1958534295972583,1.0
friday,42,perm_disagree,GT1,5,0.4,0.13333333333333333,1.1958534295972583,1.0
friday,42,perm_disagree,GT1,10,0.4,0.26666666666666666,1.1958534295972583,1.0
friday,42,perm_disagree,GT1,20,0.35,0.4666666666666667,1.1958534295972583,1.0
friday,42,perm_disagree,GT2,5,0.4,0.13333333333333333,1.1958534295972583,1.0
friday,42,perm_disagree,GT2,10,0.4,0.26666666666666666,1.1958534295972583,1.0
friday,42,perm_disagree,GT2,20,0.35,0.4666666666666667,1.1958534295972583,1.0
friday,42,random,GT1,5,0.0,0.0,1.1958534295972583,1.0
friday,42,random,GT1,10,0.2,0.13333333333333333,1.1958534295972583,1.0
friday,42,random,GT1,20,0.2,0.26666666666666666,1.1958534295972583,1.0
friday,42,random,GT2,5,0.0,0.0,1.1958534295972583,1.0
friday,42,random,GT2,10,0.2,0.13333333333333333,1.1958534295972583,1.0
friday,42,random,GT2,20,0.25,0.3333333333333333,1.1958534295972583,1.0
friday,1,dual_gain,GT1,5,0.8,0.26666666666666666,1.1852535902763257,0.9978858350951374
friday,1,dual_gain,GT1,10,0.7,0.4666666666666667,1.1852535902763257,0.9978858350951374
friday,1,dual_gain,GT1,20,0.35,0.4666666666666667,1.1852535902763257,0.9978858350951374
friday,1,dual_gain,GT2,5,0.8,0.26666666666666666,1.1852535902763257,0.9978858350951374
friday,1,dual_gain,GT2,10,0.7,0.4666666666666667,1.1852535902763257,0.9978858350951374
friday,1,dual_gain,GT2,20,0.4,0.5333333333333333,1.1852535902763257,0.9978858350951374
friday,1,dual_abs,GT1,5,0.6,0.2,1.1852535902763257,0.9978858350951374
friday,1,dual_abs,GT1,10,0.5,0.3333333333333333,1.1852535902763257,0.9978858350951374
friday,1,dual_abs,GT1,20,0.5,0.6666666666666666,1.1852535902763257,0.9978858350951374
friday,1,dual_abs,GT2,5,0.6,0.2,1.1852535902763257,0.9978858350951374
friday,1,dual_abs,GT2,10,0.5,0.3333333333333333,1.1852535902763257,0.9978858350951374
friday,1,dual_abs,GT2,20,0.55,0.7333333333333333,1.1852535902763257,0.9978858350951374
friday,1,aux_only,GT1,5,1.0,0.3333333333333333,1.1852535902763257,0.9978858350951374
friday,1,aux_only,GT1,10,0.7,0.4666666666666667,1.1852535902763257,0.9978858350951374
friday,1,aux_only,GT1,20,0.4,0.5333333333333333,1.1852535902763257,0.9978858350951374
friday,1,aux_only,GT2,5,1.0,0.3333333333333333,1.1852535902763257,0.9978858350951374
friday,1,aux_only,GT2,10,0.7,0.4666666666666667,1.1852535902763257,0.9978858350951374
friday,1,aux_only,GT2,20,0.45,0.6,1.1852535902763257,0.9978858350951374
friday,1,main_only,GT1,5,0.2,0.06666666666666667,1.1852535902763257,0.9978858350951374
friday,1,main_only,GT1,10,0.2,0.13333333333333333,1.1852535902763257,0.9978858350951374
friday,1,main_only,GT1,20,0.35,0.4666666666666667,1.1852535902763257,0.9978858350951374
friday,1,main_only,GT2,5,0.2,0.06666666666666667,1.1852535902763257,0.9978858350951374
friday,1,main_only,GT2,10,0.3,0.2,1.1852535902763257,0.9978858350951374
friday,1,main_only,GT2,20,0.4,0.5333333333333333,1.1852535902763257,0.9978858350951374
friday,1,perm_disagree,GT1,5,0.6,0.2,1.1852535902763257,0.9978858350951374
friday,1,perm_disagree,GT1,10,0.5,0.3333333333333333,1.1852535902763257,0.9978858350951374
friday,1,perm_disagree,GT1,20,0.4,0.5333333333333333,1.1852535902763257,0.9978858350951374
friday,1,perm_disagree,GT2,5,0.6,0.2,1.1852535902763257,0.9978858350951374
friday,1,perm_disagree,GT2,10,0.5,0.3333333333333333,1.1852535902763257,0.9978858350951374
friday,1,perm_disagree,GT2,20,0.4,0.5333333333333333,1.1852535902763257,0.9978858350951374
friday,1,random,GT1,5,0.2,0.06666666666666667,1.1852535902763257,0.9978858350951374
friday,1,random,GT1,10,0.2,0.13333333333333333,1.1852535902763257,0.9978858350951374
friday,1,random,GT1,20,0.3,0.4,1.1852535902763257,0.9978858350951374
friday,1,random,GT2,5,0.2,0.06666666666666667,1.1852535902763257,0.9978858350951374
friday,1,random,GT2,10,0.1,0.06666666666666667,1.1852535902763257,0.9978858350951374
friday,1,random,GT2,20,0.25,0.3333333333333333,1.1852535902763257,0.9978858350951374
friday,7,dual_gain,GT1,5,0.8,0.26666666666666666,1.1451216154057702,1.0
friday,7,dual_gain,GT1,10,0.6,0.4,1.1451216154057702,1.0
friday,7,dual_gain,GT1,20,0.35,0.4666666666666667,1.1451216154057702,1.0
friday,7,dual_gain,GT2,5,0.8,0.26666666666666666,1.1451216154057702,1.0
friday,7,dual_gain,GT2,10,0.6,0.4,1.1451216154057702,1.0
friday,7,dual_gain,GT2,20,0.4,0.5333333333333333,1.1451216154057702,1.0
friday,7,dual_abs,GT1,5,0.6,0.2,1.1451216154057702,1.0
friday,7,dual_abs,GT1,10,0.5,0.3333333333333333,1.1451216154057702,1.0
friday,7,dual_abs,GT1,20,0.4,0.5333333333333333,1.1451216154057702,1.0
friday,7,dual_abs,GT2,5,0.6,0.2,1.1451216154057702,1.0
friday,7,dual_abs,GT2,10,0.5,0.3333333333333333,1.1451216154057702,1.0
friday,7,dual_abs,GT2,20,0.45,0.6,1.1451216154057702,1.0
friday,7,aux_only,GT1,5,1.0,0.3333333333333333,1.1451216154057702,1.0
friday,7,aux_only,GT1,10,0.6,0.4,1.1451216154057702,1.0
friday,7,aux_only,GT1,20,0.35,0.4666666666666667,1.1451216154057702,1.0
friday,7,aux_only,GT2,5,1.0,0.3333333333333333,1.1451216154057702,1.0
friday,7,aux_only,GT2,10,0.6,0.4,1.1451216154057702,1.0
friday,7,aux_only,GT2,20,0.4,0.5333333333333333,1.1451216154057702,1.0
friday,7,main_only,GT1,5,0.2,0.06666666666666667,1.1451216154057702,1.0
friday,7,main_only,GT1,10,0.2,0.13333333333333333,1.1451216154057702,1.0
friday,7,main_only,GT1,20,0.35,0.4666666666666667,1.1451216154057702,1.0
friday,7,main_only,GT2,5,0.2,0.06666666666666667,1.1451216154057702,1.0
friday,7,main_only,GT2,10,0.3,0.2,1.1451216154057702,1.0
friday,7,main_only,GT2,20,0.4,0.5333333333333333,1.1451216154057702,1.0
friday,7,perm_disagree,GT1,5,0.4,0.13333333333333333,1.1451216154057702,1.0
friday,7,perm_disagree,GT1,10,0.4,0.26666666666666666,1.1451216154057702,1.0
friday,7,perm_disagree,GT1,20,0.35,0.4666666666666667,1.1451216154057702,1.0
friday,7,perm_disagree,GT2,5,0.4,0.13333333333333333,1.1451216154057702,1.0
friday,7,perm_disagree,GT2,10,0.4,0.26666666666666666,1.1451216154057702,1.0
friday,7,perm_disagree,GT2,20,0.35,0.4666666666666667,1.1451216154057702,1.0
friday,7,random,GT1,5,0.0,0.0,1.1451216154057702,1.0
friday,7,random,GT1,10,0.2,0.13333333333333333,1.1451216154057702,1.0
friday,7,random,GT1,20,0.2,0.26666666666666666,1.1451216154057702,1.0
friday,7,random,GT2,5,0.0,0.0,1.1451216154057702,1.0
friday,7,random,GT2,10,0.2,0.13333333333333333,1.1451216154057702,1.0
friday,7,random,GT2,20,0.25,0.3333333333333333,1.1451216154057702,1.0
