day,seed,method,gt,k,precision,recall
tuesday,42,ks,GT1,5,1.0,0.3333333333333333
tuesday,42,ks,GT1,10,1.0,0.6666666666666666
tuesday,42,ks,GT1,20,0.75,1.0
tuesday,42,ks,GT2,5,0.6,0.2
tuesday,42,ks,GT2,10,0.6,0.4
tuesday,42,ks,GT2,20,0.55,0.7333333333333333
tuesday,42,ks,GT3,5,0.2,0.06666666666666667
tuesday,42,ks,GT3,10,0.5,0.3333333333333333
tuesday,42,ks,GT3,20,0.4,0.5333333333333333
tuesday,42,aux_only,GT1,5,0.0,0.0
tuesday,42,aux_only,GT1,10,0.2,0.13333333333333333
tuesday,42,aux_only,GT1,20,0.3,0.4
tuesday,42,aux_only,GT2,5,0.0,0.0
tuesday,42,aux_only,GT2,10,0.3,0.2
tuesday,42,aux_only,GT2,20,0.25,0.3333333333333333
tuesday,42,aux_only,GT3,5,0.2,0.06666666666666667
tuesday,42,aux_only,GT3,10,0.2,0.13333333333333333
tuesday,42,aux_only,GT3,20,0.15,0.2
tuesday,42,dual_gain,GT1,5,0.0,0.0
tuesday,42,dual_gain,GT1,10,0.0,0.0
tuesday,42,dual_gain,GT1,20,0.1,0.13333333333333333
tuesday,42,dual_gain,GT2,5,0.2,0.06666666666666667
tuesday,42,dual_gain,GT2,10,0.1,0.06666666666666667
tuesday,42,dual_gain,GT2,20,0.2,0.26666666666666666
tuesday,42,dual_gain,GT3,5,0.0,0.0
tuesday,42,dual_gain,GT3,10,0.0,0.0
tuesday,42,dual_gain,GT3,20,0.1,0.13333333333333333
tuesday,42,perm_disagree,GT1,5,0.0,0.0
tuesday,42,perm_disagree,GT1,10,0.3,0.2
tuesday,42,perm_disagree,GT1,20,0.35,0.4666666666666667
tuesday,42,perm_disagree,GT2,5,0.0,0.0
tuesday,42,perm_disagree,GT2,10,0.3,0.2
tuesday,42,perm_disagree,GT2,20,0.25,0.3333333333333333
tuesday,42,perm_disagree,GT3,5,0.8,0.26666666666666666
tuesday,42,perm_disagree,GT3,10,0.9,0.6
tuesday,42,perm_disagree,GT3,20,0.75,1.0
tuesday,42,main_only,GT1,5,0.0,0.0
tuesday,42,main_only,GT1,10,0.2,0.13333333333333333
tuesday,42,main_only,GT1,20,0.5,0.6666666666666666
tuesday,42,main_only,GT2,5,0.0,0.0
tuesday,42,main_only,GT2,10,0.1,0.06666666666666667
tuesday,42,main_only,GT2,20,0.4,0.5333333333333333
tuesday,42,main_only,GT3,5,0.4,0.13333333333333333
tuesday,42,main_only,GT3,10,0.2,0.13333333333333333
tuesday,42,main_only,GT3,20,0.35,0.4666666666666667
tuesday,42,random,GT1,5,0.2,0.06666666666666667
tuesday,42,random,GT1,10,0.3,0.2
tuesday,42,random,GT1,20,0.3,0.4
tuesday,42,random,GT2,5,0.2,0.06666666666666667
tuesday,42,random,GT2,10,0.3,0.2
tuesday,42,random,GT2,20,0.25,0.3333333333333333
tuesday,42,random,GT3,5,0.4,0.13333333333333333
tuesday,42,random,GT3,10,0.3,0.2
tuesday,42,random,GT3,20,0.35,0.4666666666666667
tuesday,1,ks,GT1,5,1.0,0.3333333333333333
tuesday,1,ks,GT1,10,1.0,0.6666666666666666
tuesday,1,ks,GT1,20,0.75,1.0
tuesday,1,ks,GT2,5,0.6,0.2
tuesday,1,ks,GT2,10,0.6,0.4
tuesday,1,ks,GT2,20,0.55,0.7333333333333333
tuesday,1,ks,GT3,5,0.2,0.06666666666666667
tuesday,1,ks,GT3,10,0.5,0.3333333333333333
tuesday,1,ks,GT3,20,0.4,0.5333333333333333
tuesday,1,aux_only,GT1,5,0.0,0.0
tuesday,1,aux_only,GT1,10,0.2,0.13333333333333333
tuesday,1,aux_only,GT1,20,0.35,0.4666666666666667
tuesday,1,aux_only,GT2,5,0.0,0.0
tuesday,1,aux_only,GT2,10,0.2,0.13333333333333333
tuesday,1,aux_only,GT2,20,0.4,0.5333333333333333
tuesday,1,aux_only,GT3,5,0.2,0.06666666666666667
tuesday,1,aux_only,GT3,10,0.2,0.13333333333333333
tuesday,1,aux_only,GT3,20,0.2,0.26666666666666666
tuesday,1,dual_gain,GT1,5,0.0,0.0
tuesday,1,dual_gain,GT1,10,0.0,0.0
tuesday,1,dual_gain,GT1,20,0.05,0.06666666666666667
tuesday,1,dual_gain,GT2,5,0.2,0.06666666666666667
tuesday,1,dual_gain,GT2,10,0.1,0.06666666666666667
tuesday,1,dual_gain,GT2,20,0.1,0.13333333333333333
tuesday,1,dual_gain,GT3,5,0.0,0.0
tuesday,1,dual_gain,GT3,10,0.0,0.0
tuesday,1,dual_gain,GT3,20,0.15,0.2
tuesday,1,perm_disagree,GT1,5,0.0,0.0
tuesday,1,perm_disagree,GT1,10,0.4,0.26666666666666666
tuesday,1,perm_disagree,GT1,20,0.35,0.4666666666666667
tuesday,1,perm_disagree,GT2,5,0.0,0.0
tuesday,1,perm_disagree,GT2,10,0.3,0.2
tuesday,1,perm_disagree,GT2,20,0.25,0.3333333333333333
tuesday,1,perm_disagree,GT3,5,1.0,0.3333333333333333
tuesday,1,perm_disagree,GT3,10,1.0,0.6666666666666666
tuesday,1,perm_disagree,GT3,20,0.75,1.0
tuesday,1,main_only,GT1,5,0.0,0.0
tuesday,1,main_only,GT1,10,0.2,0.13333333333333333
tuesday,1,main_only,GT1,20,0.45,0.6
tuesday,1,main_only,GT2,5,0.0,0.0
tuesday,1,main_only,GT2,10,0.1,0.06666666666666667
tuesday,1,main_only,GT2,20,0.35,0.4666666666666667
tuesday,1,main_only,GT3,5,0.4,0.13333333333333333
tuesday,1,main_only,GT3,10,0.2,0.13333333333333333
tuesday,1,main_only,GT3,20,0.3,0.4
tuesday,1,random,GT1,5,0.0,0.0
tuesday,1,random,GT1,10,0.0,0.0
tuesday,1,random,GT1,20,0.25,0.3333333333333333
tuesday,1,random,GT2,5,0.0,0.0
tuesday,1,random,GT2,10,0.0,0.0
tuesday,1,random,GT2,20,0.25,0.3333333333333333
tuesday,1,random,GT3,5,0.2,0.06666666666666667
tuesday,1,random,GT3,10,0.2,0.13333333333333333
tuesday,1,random,GT3,20,0.15,0.2
tuesday,7,ks,GT1,5,1.0,0.3333333333333333
tuesday,7,ks,GT1,10,1.0,0.6666666666666666
tuesday,7,ks,GT1,20,0.75,1.0
tuesday,7,ks,GT2,5,0.6,0.2
tuesday,7,ks,GT2,10,0.6,0.4
tuesday,7,ks,GT2,20,0.55,0.7333333333333333
tuesday,7,ks,GT3,5,0.2,0.06666666666666667
tuesday,7,ks,GT3,10,0.5,0.3333333333333333
tuesday,7,ks,GT3,20,0.4,0.5333333333333333
tuesday,7,aux_only,GT1,5,0.2,0.06666666666666667
tuesday,7,aux_only,GT1,10,0.2,0.13333333333333333
tuesday,7,aux_only,GT1,20,0.25,0.3333333333333333
tuesday,7,aux_only,GT2,5,0.0,0.0
tuesday,7,aux_only,GT2,10,0.1,0.06666666666666667
tuesday,7,aux_only,GT2,20,0.3,0.4
tuesday,7,aux_only,GT3,5,0.0,0.0
tuesday,7,aux_only,GT3,10,0.1,0.06666666666666667
tuesday,7,aux_only,GT3,20,0.15,0.2
tuesday,7,dual_gain,GT1,5,0.0,0.0
tuesday,7,dual_gain,GT1,10,0.0,0.0
tuesday,7,dual_gain,GT1,20,0.1,0.13333333333333333
tuesday,7,dual_gain,GT2,5,0.0,0.0
tuesday,7,dual_gain,GT2,10,0.1,0.06666666666666667
tuesday,7,dual_gain,GT2,20,0.1,0.13333333333333333
tuesday,7,dual_gain,GT3,5,0.0,0.0
tuesday,7,dual_gain,GT3,10,0.0,0.0
tuesday,7,dual_gain,GT3,20,0.05,0.06666666666666667
tuesday,7,perm_disagree,GT1,5,0.0,0.0
tuesday,7,perm_disagree,GT1,10,0.4,0.26666666666666666
tuesday,7,perm_disagree,GT1,20,0.35,0.4666666666666667
tuesday,7,perm_disagree,GT2,5,0.0,0.0
tuesday,7,perm_disagree,GT2,10,0.3,0.2
tuesday,7,perm_disagree,GT2,20,0.25,0.3333333333333333
tuesday,7,perm_disagree,GT3,5,1.0,0.3333333333333333
tuesday,7,perm_disagree,GT3,10,1.0,0.6666666666666666
tuesday,7,perm_disagree,GT3,20,0.75,1.0
tuesday,7,main_only,GT1,5,0.0,0.0
tuesday,7,main_only,GT1,10,0.2,0.13333333333333333
tuesday,7,main_only,GT1,20,0.45,0.6
tuesday,7,main_only,GT2,5,0.0,0.0
tuesday,7,main_only,GT2,10,0.1,0.06666666666666667
tuesday,7,main_only,GT2,20,0.4,0.5333333333333333
tuesday,7,main_only,GT3,5,0.4,0.13333333333333333
tuesday,7,main_only,GT3,10,0.2,0.13333333333333333
tuesday,7,main_only,GT3,20,0.3,0.4
tuesday,7,random,GT1,5,0.0,0.0
tuesday,7,random,GT1,10,0.1,0.06666666666666667
tuesday,7,random,GT1,20,0.25,0.3333333333333333
tuesday,7,random,GT2,5,0.2,0.06666666666666667
tuesday,7,random,GT2,10,0.2,0.13333333333333333
tuesday,7,random,GT2,20,0.3,0.4
tuesday,7,random,GT3,5,0.0,0.0
tuesday,7,random,GT3,10,0.1,0.06666666666666667
tuesday,7,random,GT3,20,0.2,0.26666666666666666
wednesday,42,ks,GT1,5,1.0,0.3333333333333333
wednesday,42,ks,GT1,10,1.0,0.6666666666666666
wednesday,42,ks,GT1,20,0.75,1.0
wednesday,42,ks,GT2,5,1.0,0.3333333333333333
wednesday,42,ks,GT2,10,0.9,0.6
wednesday,42,ks,GT2,20,0.7,0.9333333333333333
wednesday,42,ks,GT3,5,0.4,0.13333333333333333
wednesday,42,ks,GT3,10,0.2,0.13333333333333333
wednesday,42,ks,GT3,20,0.25,0.3333333333333333
wednesday,42,aux_only,GT1,5,1.0,0.3333333333333333
wednesday,42,aux_only,GT1,10,1.0,0.6666666666666666
wednesday,42,aux_only,GT1,20,0.75,1.0
wednesday,42,aux_only,GT2,5,1.0,0.3333333333333333
wednesday,42,aux_only,GT2,10,0.9,0.6
wednesday,42,aux_only,GT2,20,0.7,0.9333333333333333
wednesday,42,aux_only,GT3,5,0.2,0.06666666666666667
wednesday,42,aux_only,GT3,10,0.4,0.26666666666666666
wednesday,42,aux_only,GT3,20,0.25,0.3333333333333333
wednesday,42,dual_gain,GT1,5,1.0,0.3333333333333333
wednesday,42,dual_gain,GT1,10,1.0,0.6666666666666666
wednesday,42,dual_gain,GT1,20,0.6,0.8
wednesday,42,dual_gain,GT2,5,1.0,0.3333333333333333
wednesday,42,dual_gain,GT2,10,0.9,0.6
wednesday,42,dual_gain,GT2,20,0.65,0.8666666666666667
wednesday,42,dual_gain,GT3,5,0.2,0.06666666666666667
wednesday,42,dual_gain,GT3,10,0.3,0.2
wednesday,42,dual_gain,GT3,20,0.25,0.3333333333333333
wednesday,42,perm_disagree,GT1,5,0.2,0.06666666666666667
wednesday,42,perm_disagree,GT1,10,0.2,0.13333333333333333
wednesday,42,perm_disagree,GT1,20,0.25,0.3333333333333333
wednesday,42,perm_disagree,GT2,5,0.2,0.06666666666666667
wednesday,42,perm_disagree,GT2,10,0.2,0.13333333333333333
wednesday,42,perm_disagree,GT2,20,0.25,0.3333333333333333
wednesday,42,perm_disagree,GT3,5,0.8,0.26666666666666666
wednesday,42,perm_disagree,GT3,10,0.7,0.4666666666666667
wednesday,42,perm_disagree,GT3,20,0.55,0.7333333333333333
wednesday,42,main_only,GT1,5,0.0,0.0
wednesday,42,main_only,GT1,10,0.3,0.2
wednesday,42,main_only,GT1,20,0.4,0.5333333333333333
wednesday,42,main_only,GT2,5,0.0,0.0
wednesday,42,main_only,GT2,10,0.2,0.13333333333333333
wednesday,42,main_only,GT2,20,0.35,0.4666666666666667
wednesday,42,main_only,GT3,5,0.4,0.13333333333333333
wednesday,42,main_only,GT3,10,0.4,0.26666666666666666
wednesday,42,main_only,GT3,20,0.25,0.3333333333333333
wednesday,42,random,GT1,5,0.2,0.06666666666666667
wednesday,42,random,GT1,10,0.3,0.2
wednesday,42,random,GT1,20,0.2,0.26666666666666666
wednesday,42,random,GT2,5,0.2,0.06666666666666667
wednesday,42,random,GT2,10,0.3,0.2
wednesday,42,random,GT2,20,0.2,0.26666666666666666
wednesday,42,random,GT3,5,0.4,0.13333333333333333
wednesday,42,random,GT3,10,0.3,0.2
wednesday,42,random,GT3,20,0.3,0.4
wednesday,1,ks,GT1,5,1.0,0.3333333333333333
wednesday,1,ks,GT1,10,1.0,0.6666666666666666
wednesday,1,ks,GT1,20,0.75,1.0
wednesday,1,ks,GT2,5,1.0,0.3333333333333333
wednesday,1,ks,GT2,10,0.9,0.6
wednesday,1,ks,GT2,20,0.7,0.9333333333333333
wednesday,1,ks,GT3,5,0.4,0.13333333333333333
wednesday,1,ks,GT3,10,0.2,0.13333333333333333
wednesday,1,ks,GT3,20,0.25,0.3333333333333333
wednesday,1,aux_only,GT1,5,1.0,0.3333333333333333
wednesday,1,aux_only,GT1,10,1.0,0.6666666666666666
wednesday,1,aux_only,GT1,20,0.7,0.9333333333333333
wednesday,1,aux_only,GT2,5,1.0,0.3333333333333333
wednesday,1,aux_only,GT2,10,1.0,0.6666666666666666
wednesday,1,aux_only,GT2,20,0.65,0.8666666666666667
wednesday,1,aux_only,GT3,5,0.2,0.06666666666666667
wednesday,1,aux_only,GT3,10,0.3,0.2
wednesday,1,aux_only,GT3,20,0.4,0.5333333333333333
wednesday,1,dual_gain,GT1,5,1.0,0.3333333333333333
wednesday,1,dual_gain,GT1,10,1.0,0.6666666666666666
wednesday,1,dual_gain,GT1,20,0.6,0.8
wednesday,1,dual_gain,GT2,5,1.0,0.3333333333333333
wednesday,1,dual_gain,GT2,10,0.9,0.6
wednesday,1,dual_gain,GT2,20,0.65,0.8666666666666667
wednesday,1,dual_gain,GT3,5,0.2,0.06666666666666667
wednesday,1,dual_gain,GT3,10,0.3,0.2
wednesday,1,dual_gain,GT3,20,0.3,0.4
wednesday,1,perm_disagree,GT1,5,0.4,0.13333333333333333
wednesday,1,perm_disagree,GT1,10,0.6,0.4
wednesday,1,perm_disagree,GT1,20,0.4,0.5333333333333333
wednesday,1,perm_disagree,GT2,5,0.4,0.13333333333333333
wednesday,1,perm_disagree,GT2,10,0.5,0.3333333333333333
wednesday,1,perm_disagree,GT2,20,0.35,0.4666666666666667
wednesday,1,perm_disagree,GT3,5,0.4,0.13333333333333333
wednesday,1,perm_disagree,GT3,10,0.3,0.2
wednesday,1,perm_disagree,GT3,20,0.5,0.6666666666666666
wednesday,1,main_only,GT1,5,0.0,0.0
wednesday,1,main_only,GT1,10,0.3,0.2
wednesday,1,main_only,GT1,20,0.4,0.5333333333333333
wednesday,1,main_only,GT2,5,0.0,0.0
wednesday,1,main_only,GT2,10,0.2,0.13333333333333333
wednesday,1,main_only,GT2,20,0.35,0.4666666666666667
wednesday,1,main_only,GT3,5,0.4,0.13333333333333333
wednesday,1,main_only,GT3,10,0.4,0.26666666666666666
wednesday,1,main_only,GT3,20,0.25,0.3333333333333333
wednesday,1,random,GT1,5,0.0,0.0
wednesday,1,random,GT1,10,0.0,0.0
wednesday,1,random,GT1,20,0.2,0.26666666666666666
wednesday,1,random,GT2,5,0.0,0.0
wednesday,1,random,GT2,10,0.0,0.0
wednesday,1,random,GT2,20,0.2,0.26666666666666666
wednesday,1,random,GT3,5,0.2,0.06666666666666667
wednesday,1,random,GT3,10,0.2,0.13333333333333333
wednesday,1,random,GT3,20,0.15,0.2
wednesday,7,ks,GT1,5,1.0,0.3333333333333333
wednesday,7,ks,GT1,10,1.0,0.6666666666666666
wednesday,7,ks,GT1,20,0.75,1.0
wednesday,7,ks,GT2,5,1.0,0.3333333333333333
wednesday,7,ks,GT2,10,0.9,0.6
wednesday,7,ks,GT2,20,0.7,0.9333333333333333
wednesday,7,ks,GT3,5,0.4,0.13333333333333333
wednesday,7,ks,GT3,10,0.2,0.13333333333333333
wednesday,7,ks,GT3,20,0.25,0.3333333333333333
wednesday,7,aux_only,GT1,5,1.0,0.3333333333333333
wednesday,7,aux_only,GT1,10,1.0,0.6666666666666666
wednesday,7,aux_only,GT1,20,0.75,1.0
wednesday,7,aux_only,GT2,5,1.0,0.3333333333333333
wednesday,7,aux_only,GT2,10,0.9,0.6
wednesday,7,aux_only,GT2,20,0.65,0.8666666666666667
wednesday,7,aux_only,GT3,5,0.4,0.13333333333333333
wednesday,7,aux_only,GT3,10,0.3,0.2
wednesday,7,aux_only,GT3,20,0.35,0.4666666666666667
wednesday,7,dual_gain,GT1,5,1.0,0.3333333333333333
wednesday,7,dual_gain,GT1,10,1.0,0.6666666666666666
wednesday,7,dual_gain,GT1,20,0.7,0.9333333333333333
wednesday,7,dual_gain,GT2,5,1.0,0.3333333333333333
wednesday,7,dual_gain,GT2,10,0.9,0.6
wednesday,7,dual_gain,GT2,20,0.65,0.8666666666666667
wednesday,7,dual_gain,GT3,5,0.4,0.13333333333333333
wednesday,7,dual_gain,GT3,10,0.4,0.26666666666666666
wednesday,7,dual_gain,GT3,20,0.4,0.5333333333333333
wednesday,7,perm_disagree,GT1,5,0.2,0.06666666666666667
wednesday,7,perm_disagree,GT1,10,0.2,0.13333333333333333
wednesday,7,perm_disagree,GT1,20,0.25,0.3333333333333333
wednesday,7,perm_disagree,GT2,5,0.2,0.06666666666666667
wednesday,7,perm_disagree,GT2,10,0.2,0.13333333333333333
wednesday,7,perm_disagree,GT2,20,0.25,0.3333333333333333
wednesday,7,perm_disagree,GT3,5,0.4,0.13333333333333333
wednesday,7,perm_disagree,GT3,10,0.5,0.3333333333333333
wednesday,7,perm_disagree,GT3,20,0.55,0.7333333333333333
wednesday,7,main_only,GT1,5,0.0,0.0
wednesday,7,main_only,GT1,10,0.3,0.2
wednesday,7,main_only,GT1,20,0.4,0.5333333333333333
wednesday,7,main_only,GT2,5,0.0,0.0
wednesday,7,main_only,GT2,10,0.2,0.13333333333333333
wednesday,7,main_only,GT2,20,0.35,0.4666666666666667
wednesday,7,main_only,GT3,5,0.4,0.13333333333333333
wednesday,7,main_only,GT3,10,0.4,0.26666666666666666
wednesday,7,main_only,GT3,20,0.25,0.3333333333333333
wednesday,7,random,GT1,5,0.2,0.06666666666666667
wednesday,7,random,GT1,10,0.2,0.13333333333333333
wednesday,7,random,GT1,20,0.25,0.3333333333333333
wednesday,7,random,GT2,5,0.2,0.06666666666666667
wednesday,7,random,GT2,10,0.2,0.13333333333333333
wednesday,7,random,GT2,20,0.25,0.3333333333333333
wednesday,7,random,GT3,5,0.2,0.06666666666666667
wednesday,7,random,GT3,10,0.3,0.2
wednesday,7,random,GT3,20,0.3,0.4
thursday,42,ks,GT1,5,1.0,0.3333333333333333
thursday,42,ks,GT1,10,1.0,0.6666666666666666
thursday,42,ks,GT1,20,0.75,1.0
thursday,42,ks,GT2,5,0.8,0.26666666666666666
thursday,42,ks,GT2,10,0.7,0.4666666666666667
thursday,42,ks,GT2,20,0.65,0.8666666666666667
thursday,42,ks,GT3,5,0.2,0.06666666666666667
thursday,42,ks,GT3,10,0.2,0.13333333333333333
thursday,42,ks,GT3,20,0.3,0.4
thursday,42,aux_only,GT1,5,0.4,0.13333333333333333
thursday,42,aux_only,GT1,10,0.6,0.4
thursday,42,aux_only,GT1,20,0.55,0.7333333333333333
thursday,42,aux_only,GT2,5,0.6,0.2
thursday,42,aux_only,GT2,10,0.7,0.4666666666666667
thursday,42,aux_only,GT2,20,0.65,0.8666666666666667
thursday,42,aux_only,GT3,5,0.4,0.13333333333333333
thursday,42,aux_only,GT3,10,0.3,0.2
thursday,42,aux_only,GT3,20,0.3,0.4
thursday,42,dual_gain,GT1,5,0.4,0.13333333333333333
thursday,42,dual_gain,GT1,10,0.4,0.26666666666666666
thursday,42,dual_gain,GT1,20,0.45,0.6
thursday,42,dual_gain,GT2,5,0.6,0.2
thursday,42,dual_gain,GT2,10,0.5,0.3333333333333333
thursday,42,dual_gain,GT2,20,0.5,0.6666666666666666
thursday,42,dual_gain,GT3,5,0.4,0.13333333333333333
thursday,42,dual_gain,GT3,10,0.4,0.26666666666666666
thursday,42,dual_gain,GT3,20,0.3,0.4
thursday,42,perm_disagree,GT1,5,0.0,0.0
thursday,42,perm_disagree,GT1,10,0.4,0.26666666666666666
thursday,42,perm_disagree,GT1,20,0.4,0.5333333333333333
thursday,42,perm_disagree,GT2,5,0.2,0.06666666666666667
thursday,42,perm_disagree,GT2,10,0.4,0.26666666666666666
thursday,42,perm_disagree,GT2,20,0.3,0.4
thursday,42,perm_disagree,GT3,5,0.8,0.26666666666666666
thursday,42,perm_disagree,GT3,10,0.8,0.5333333333333333
thursday,42,perm_disagree,GT3,20,0.75,1.0
thursday,42,main_only,GT1,5,0.2,0.06666666666666667
thursday,42,main_only,GT1,10,0.3,0.2
thursday,42,main_only,GT1,20,0.4,0.5333333333333333
thursday,42,main_only,GT2,5,0.2,0.06666666666666667
thursday,42,main_only,GT2,10,0.1,0.06666666666666667
thursday,42,main_only,GT2,20,0.3,0.4
thursday,42,main_only,GT3,5,0.4,0.13333333333333333
thursday,42,main_only,GT3,10,0.4,0.26666666666666666
thursday,42,main_only,GT3,20,0.25,0.3333333333333333
thursday,42,random,GT1,5,0.2,0.06666666666666667
thursday,42,random,GT1,10,0.4,0.26666666666666666
thursday,42,random,GT1,20,0.3,0.4
thursday,42,random,GT2,5,0.0,0.0
thursday,42,random,GT2,10,0.2,0.13333333333333333
thursday,42,random,GT2,20,0.2,0.26666666666666666
thursday,42,random,GT3,5,0.4,0.13333333333333333
thursday,42,random,GT3,10,0.3,0.2
thursday,42,random,GT3,20,0.3,0.4
thursday,1,ks,GT1,5,1.0,0.3333333333333333
thursday,1,ks,GT1,10,1.0,0.6666666666666666
thursday,1,ks,GT1,20,0.75,1.0
thursday,1,ks,GT2,5,0.8,0.26666666666666666
thursday,1,ks,GT2,10,0.7,0.4666666666666667
thursday,1,ks,GT2,20,0.65,0.8666666666666667
thursday,1,ks,GT3,5,0.2,0.06666666666666667
thursday,1,ks,GT3,10,0.2,0.13333333333333333
thursday,1,ks,GT3,20,0.3,0.4
thursday,1,aux_only,GT1,5,0.4,0.13333333333333333
thursday,1,aux_only,GT1,10,0.5,0.3333333333333333
thursday,1,aux_only,GT1,20,0.6,0.8
thursday,1,aux_only,GT2,5,1.0,0.3333333333333333
thursday,1,aux_only,GT2,10,0.8,0.5333333333333333
thursday,1,aux_only,GT2,20,0.6,0.8
thursday,1,aux_only,GT3,5,0.2,0.06666666666666667
thursday,1,aux_only,GT3,10,0.3,0.2
thursday,1,aux_only,GT3,20,0.35,0.4666666666666667
thursday,1,dual_gain,GT1,5,0.4,0.13333333333333333
thursday,1,dual_gain,GT1,10,0.4,0.26666666666666666
thursday,1,dual_gain,GT1,20,0.45,0.6
thursday,1,dual_gain,GT2,5,1.0,0.3333333333333333
thursday,1,dual_gain,GT2,10,0.7,0.4666666666666667
thursday,1,dual_gain,GT2,20,0.5,0.6666666666666666
thursday,1,dual_gain,GT3,5,0.2,0.06666666666666667
thursday,1,dual_gain,GT3,10,0.4,0.26666666666666666
thursday,1,dual_gain,GT3,20,0.25,0.3333333333333333
thursday,1,perm_disagree,GT1,5,0.2,0.06666666666666667
thursday,1,perm_disagree,GT1,10,0.4,0.26666666666666666
thursday,1,perm_disagree,GT1,20,0.4,0.5333333333333333
thursday,1,perm_disagree,GT2,5,0.4,0.13333333333333333
thursday,1,perm_disagree,GT2,10,0.4,0.26666666666666666
thursday,1,perm_disagree,GT2,20,0.3,0.4
thursday,1,perm_disagree,GT3,5,1.0,0.3333333333333333
thursday,1,perm_disagree,GT3,10,0.9,0.6
thursday,1,perm_disagree,GT3,20,0.75,1.0
thursday,1,main_only,GT1,5,0.2,0.06666666666666667
thursday,1,main_only,GT1,10,0.3,0.2
thursday,1,main_only,GT1,20,0.4,0.5333333333333333
thursday,1,main_only,GT2,5,0.2,0.06666666666666667
thursday,1,main_only,GT2,10,0.1,0.06666666666666667
thursday,1,main_only,GT2,20,0.3,0.4
thursday,1,main_only,GT3,5,0.4,0.13333333333333333
thursday,1,main_only,GT3,10,0.4,0.26666666666666666
thursday,1,main_only,GT3,20,0.25,0.3333333333333333
thursday,1,random,GT1,5,0.0,0.0
thursday,1,random,GT1,10,0.0,0.0
thursday,1,random,GT1,20,0.2,0.26666666666666666
thursday,1,random,GT2,5,0.2,0.06666666666666667
thursday,1,random,GT2,10,0.1,0.06666666666666667
thursday,1,random,GT2,20,0.25,0.3333333333333333
thursday,1,random,GT3,5,0.2,0.06666666666666667
thursday,1,random,GT3,10,0.2,0.13333333333333333
thursday,1,random,GT3,20,0.1,0.13333333333333333
thursday,7,ks,GT1,5,1.0,0.3333333333333333
thursday,7,ks,GT1,10,1.0,0.6666666666666666
thursday,7,ks,GT1,20,0.75,1.0
thursday,7,ks,GT2,5,0.8,0.26666666666666666
thursday,7,ks,GT2,10,0.7,0.4666666666666667
thursday,7,ks,GT2,20,0.65,0.8666666666666667
thursday,7,ks,GT3,5,0.2,0.06666666666666667
thursday,7,ks,GT3,10,0.2,0.13333333333333333
thursday,7,ks,GT3,20,0.3,0.4
thursday,7,aux_only,GT1,5,0.2,0.06666666666666667
thursday,7,aux_only,GT1,10,0.4,0.26666666666666666
thursday,7,aux_only,GT1,20,0.55,0.7333333333333333
thursday,7,aux_only,GT2,5,0.6,0.2
thursday,7,aux_only,GT2,10,0.7,0.4666666666666667
thursday,7,aux_only,GT2,20,0.6,0.8
thursday,7,aux_only,GT3,5,0.6,0.2
thursday,7,aux_only,GT3,10,0.4,0.26666666666666666
thursday,7,aux_only,GT3,20,0.35,0.4666666666666667
thursday,7,dual_gain,GT1,5,0.2,0.06666666666666667
thursday,7,dual_gain,GT1,10,0.4,0.26666666666666666
thursday,7,dual_gain,GT1,20,0.45,0.6
thursday,7,dual_gain,GT2,5,0.6,0.2
thursday,7,dual_gain,GT2,10,0.7,0.4666666666666667
thursday,7,dual_gain,GT2,20,0.55,0.7333333333333333
thursday,7,dual_gain,GT3,5,0.6,0.2
thursday,7,dual_gain,GT3,10,0.4,0.26666666666666666
thursday,7,dual_gain,GT3,20,0.25,0.3333333333333333
thursday,7,perm_disagree,GT1,5,0.4,0.13333333333333333
thursday,7,perm_disagree,GT1,10,0.3,0.2
thursday,7,perm_disagree,GT1,20,0.35,0.4666666666666667
thursday,7,perm_disagree,GT2,5,0.2,0.06666666666666667
thursday,7,perm_disagree,GT2,10,0.3,0.2
thursday,7,perm_disagree,GT2,20,0.25,0.3333333333333333
thursday,7,perm_disagree,GT3,5,0.2,0.06666666666666667
thursday,7,perm_disagree,GT3,10,0.6,0.4
thursday,7,perm_disagree,GT3,20,0.7,0.9333333333333333
thursday,7,main_only,GT1,5,0.2,0.06666666666666667
thursday,7,main_only,GT1,10,0.3,0.2
thursday,7,main_only,GT1,20,0.4,0.5333333333333333
thursday,7,main_only,GT2,5,0.2,0.06666666666666667
thursday,7,main_only,GT2,10,0.1,0.06666666666666667
thursday,7,main_only,GT2,20,0.25,0.3333333333333333
thursday,7,main_only,GT3,5,0.4,0.13333333333333333
thursday,7,main_only,GT3,10,0.4,0.26666666666666666
thursday,7,main_only,GT3,20,0.25,0.3333333333333333
thursday,7,random,GT1,5,0.0,0.0
thursday,7,random,GT1,10,0.1,0.06666666666666667
thursday,7,random,GT1,20,0.2,0.26666666666666666
thursday,7,random,GT2,5,0.0,0.0
thursday,7,random,GT2,10,0.2,0.13333333333333333
thursday,7,random,GT2,20,0.25,0.3333333333333333
thursday,7,random,GT3,5,0.2,0.06666666666666667
thursday,7,random,GT3,10,0.2,0.13333333333333333
thursday,7,random,GT3,20,0.3,0.4
friday,42,ks,GT1,5,1.0,0.3333333333333333
friday,42,ks,GT1,10,1.0,0.6666666666666666
friday,42,ks,GT1,20,0.75,1.0
friday,42,ks,GT2,5,1.0,0.3333333333333333
friday,42,ks,GT2,10,0.9,0.6
friday,42,ks,GT2,20,0.7,0.9333333333333333
friday,42,ks,GT3,5,0.4,0.13333333333333333
friday,42,ks,GT3,10,0.4,0.26666666666666666
friday,42,ks,GT3,20,0.35,0.4666666666666667
friday,42,aux_only,GT1,5,0.8,0.26666666666666666
friday,42,aux_only,GT1,10,0.6,0.4
friday,42,aux_only,GT1,20,0.4,0.5333333333333333
friday,42,aux_only,GT2,5,0.8,0.26666666666666666
friday,42,aux_only,GT2,10,0.6,0.4
friday,42,aux_only,GT2,20,0.35,0.4666666666666667
friday,42,aux_only,GT3,5,0.6,0.2
friday,42,aux_only,GT3,10,0.5,0.3333333333333333
friday,42,aux_only,GT3,20,0.4,0.5333333333333333
friday,42,dual_gain,GT1,5,0.8,0.26666666666666666
friday,42,dual_gain,GT1,10,0.5,0.3333333333333333
friday,42,dual_gain,GT1,20,0.3,0.4
friday,42,dual_gain,GT2,5,0.8,0.26666666666666666
friday,42,dual_gain,GT2,10,0.5,0.3333333333333333
friday,42,dual_gain,GT2,20,0.35,0.4666666666666667
friday,42,dual_gain,GT3,5,0.6,0.2
friday,42,dual_gain,GT3,10,0.6,0.4
friday,42,dual_gain,GT3,20,0.45,0.6
friday,42,perm_disagree,GT1,5,0.4,0.13333333333333333
friday,42,perm_disagree,GT1,10,0.4,0.26666666666666666
friday,42,perm_disagree,GT1,20,0.35,0.4666666666666667
friday,42,perm_disagree,GT2,5,0.4,0.13333333333333333
friday,42,perm_disagree,GT2,10,0.4,0.26666666666666666
friday,42,perm_disagree,GT2,20,0.35,0.4666666666666667
friday,42,perm_disagree,GT3,5,0.8,0.26666666666666666
friday,42,perm_disagree,GT3,10,0.9,0.6
friday,42,perm_disagree,GT3,20,0.65,0.8666666666666667
friday,42,main_only,GT1,5,0.2,0.06666666666666667
friday,42,main_only,GT1,10,0.2,0.13333333333333333
friday,42,main_only,GT1,20,0.35,0.4666666666666667
friday,42,main_only,GT2,5,0.2,0.06666666666666667
friday,42,main_only,GT2,10,0.3,0.2
friday,42,main_only,GT2,20,0.4,0.5333333333333333
friday,42,main_only,GT3,5,0.2,0.06666666666666667
friday,42,main_only,GT3,10,0.3,0.2
friday,42,main_only,GT3,20,0.25,0.3333333333333333
friday,42,random,GT1,5,0.0,0.0
friday,42,random,GT1,10,0.2,0.13333333333333333
friday,42,random,GT1,20,0.2,0.26666666666666666
friday,42,random,GT2,5,0.0,0.0
friday,42,random,GT2,10,0.2,0.13333333333333333
friday,42,random,GT2,20,0.25,0.3333333333333333
friday,42,random,GT3,5,0.4,0.13333333333333333
friday,42,random,GT3,10,0.3,0.2
friday,42,random,GT3,20,0.35,0.4666666666666667
friday,1,ks,GT1,5,1.0,0.3333333333333333
friday,1,ks,GT1,10,1.0,0.6666666666666666
friday,1,ks,GT1,20,0.75,1.0
friday,1,ks,GT2,5,1.0,0.3333333333333333
friday,1,ks,GT2,10,0.9,0.6
friday,1,ks,GT2,20,0.7,0.9333333333333333
friday,1,ks,GT3,5,0.4,0.13333333333333333
friday,1,ks,GT3,10,0.4,0.26666666666666666
friday,1,ks,GT3,20,0.35,0.4666666666666667
friday,1,aux_only,GT1,5,1.0,0.3333333333333333
friday,1,aux_only,GT1,10,0.7,0.4666666666666667
friday,1,aux_only,GT1,20,0.4,0.5333333333333333
friday,1,aux_only,GT2,5,1.0,0.3333333333333333
friday,1,aux_only,GT2,10,0.7,0.4666666666666667
friday,1,aux_only,GT2,20,0.45,0.6
friday,1,aux_only,GT3,5,0.6,0.2
friday,1,aux_only,GT3,10,0.5,0.3333333333333333
friday,1,aux_only,GT3,20,0.45,0.6
friday,1,dual_gain,GT1,5,0.8,0.26666666666666666
friday,1,dual_gain,GT1,10,0.7,0.4666666666666667
friday,1,dual_gain,GT1,20,0.35,0.4666666666666667
friday,1,dual_gain,GT2,5,0.8,0.26666666666666666
friday,1,dual_gain,GT2,10,0.7,0.4666666666666667
friday,1,dual_gain,GT2,20,0.4,0.5333333333333333
friday,1,dual_gain,GT3,5,0.6,0.2
friday,1,dual_gain,GT3,10,0.5,0.3333333333333333
friday,1,dual_gain,GT3,20,0.45,0.6
friday,1,perm_disagree,GT1,5,0.6,0.2
friday,1,perm_disagree,GT1,10,0.5,0.3333333333333333
friday,1,perm_disagree,GT1,20,0.4,0.5333333333333333
friday,1,perm_disagree,GT2,5,0.6,0.2
friday,1,perm_disagree,GT2,10,0.5,0.3333333333333333
friday,1,perm_disagree,GT2,20,0.4,0.5333333333333333
friday,1,perm_disagree,GT3,5,0.6,0.2
friday,1,perm_disagree,GT3,10,0.7,0.4666666666666667
friday,1,perm_disagree,GT3,20,0.65,0.8666666666666667
friday,1,main_only,GT1,5,0.2,0.06666666666666667
friday,1,main_only,GT1,10,0.2,0.13333333333333333
friday,1,main_only,GT1,20,0.35,0.4666666666666667
friday,1,main_only,GT2,5,0.2,0.06666666666666667
friday,1,main_only,GT2,10,0.3,0.2
friday,1,main_only,GT2,20,0.4,0.5333333333333333
friday,1,main_only,GT3,5,0.2,0.06666666666666667
friday,1,main_only,GT3,10,0.3,0.2
friday,1,main_only,GT3,20,0.25,0.3333333333333333
friday,1,random,GT1,5,0.2,0.06666666666666667
friday,1,random,GT1,10,0.2,0.13333333333333333
friday,1,random,GT1,20,0.3,0.4
friday,1,random,GT2,5,0.2,0.06666666666666667
friday,1,random,GT2,10,0.1,0.06666666666666667
friday,1,random,GT2,20,0.25,0.3333333333333333
friday,1,random,GT3,5,0.2,0.06666666666666667
friday,1,random,GT3,10,0.2,0.13333333333333333
friday,1,random,GT3,20,0.15,0.2
friday,7,ks,GT1,5,1.0,0.3333333333333333
friday,7,ks,GT1,10,1.0,0.6666666666666666
friday,7,ks,GT1,20,0.75,1.0
friday,7,ks,GT2,5,1.0,0.3333333333333333
friday,7,ks,GT2,10,0.9,0.6
friday,7,ks,GT2,20,0.7,0.9333333333333333
friday,7,ks,GT3,5,0.4,0.13333333333333333
friday,7,ks,GT3,10,0.4,0.26666666666666666
friday,7,ks,GT3,20,0.35,0.4666666666666667
friday,7,aux_only,GT1,5,1.0,0.3333333333333333
friday,7,aux_only,GT1,10,0.6,0.4
friday,7,aux_only,GT1,20,0.35,0.4666666666666667
friday,7,aux_only,GT2,5,1.0,0.3333333333333333
friday,7,aux_only,GT2,10,0.6,0.4
friday,7,aux_only,GT2,20,0.4,0.5333333333333333
friday,7,aux_only,GT3,5,0.6,0.2
friday,7,aux_only,GT3,10,0.5,0.3333333333333333
friday,7,aux_only,GT3,20,0.45,0.6
friday,7,dual_gain,GT1,5,0.8,0.26666666666666666
friday,7,dual_gain,GT1,10,0.6,0.4
friday,7,dual_gain,GT1,20,0.35,0.4666666666666667
friday,7,dual_gain,GT2,5,0.8,0.26666666666666666
friday,7,dual_gain,GT2,10,0.6,0.4
friday,7,dual_gain,GT2,20,0.4,0.5333333333333333
friday,7,dual_gain,GT3,5,0.6,0.2
friday,7,dual_gain,GT3,10,0.5,0.3333333333333333
friday,7,dual_gain,GT3,20,0.45,0.6
friday,7,perm_disagree,GT1,5,0.4,0.13333333333333333
friday,7,perm_disagree,GT1,10,0.4,0.26666666666666666
friday,7,perm_disagree,GT1,20,0.35,0.4666666666666667
friday,7,perm_disagree,GT2,5,0.4,0.13333333333333333
friday,7,perm_disagree,GT2,10,0.4,0.26666666666666666
friday,7,perm_disagree,GT2,20,0.35,0.4666666666666667
friday,7,perm_disagree,GT3,5,0.8,0.26666666666666666
friday,7,perm_disagree,GT3,10,0.9,0.6
friday,7,perm_disagree,GT3,20,0.65,0.8666666666666667
friday,7,main_only,GT1,5,0.2,0.06666666666666667
friday,7,main_only,GT1,10,0.2,0.13333333333333333
friday,7,main_only,GT1,20,0.35,0.4666666666666667
friday,7,main_only,GT2,5,0.2,0.06666666666666667
friday,7,main_only,GT2,10,0.3,0.2
friday,7,main_only,GT2,20,0.4,0.5333333333333333
friday,7,main_only,GT3,5,0.2,0.06666666666666667
friday,7,main_only,GT3,10,0.3,0.2
friday,7,main_only,GT3,20,0.25,0.3333333333333333
friday,7,random,GT1,5,0.0,0.0
friday,7,random,GT1,10,0.2,0.13333333333333333
friday,7,random,GT1,20,0.2,0.26666666666666666
friday,7,random,GT2,5,0.0,0.0
friday,7,random,GT2,10,0.2,0.13333333333333333
friday,7,random,GT2,20,0.25,0.3333333333333333
friday,7,random,GT3,5,0.0,0.0
friday,7,random,GT3,10,0.1,0.06666666666666667
friday,7,random,GT3,20,0.2,0.26666666666666666
