model,day,pair,jaccard
RandomForest,tuesday,shap-perm,0.1742857142857143
RandomForest,tuesday,shap-gain,0.5157894736842106
RandomForest,tuesday,perm-gain,0.1742857142857143
RandomForest,wednesday,shap-perm,0.1938610182088443
RandomForest,wednesday,shap-gain,0.36363636363636365
RandomForest,wednesday,perm-gain,0.17230769230769233
RandomForest,thursday,shap-perm,0.13444444444444445
RandomForest,thursday,shap-gain,0.5789473684210527
RandomForest,thursday,perm-gain,0.12211022693781315
RandomForest,friday,shap-perm,0.14666666666666667
RandomForest,friday,shap-gain,0.6862745098039216
RandomForest,friday,perm-gain,0.14666666666666667
XGBoost,tuesday,shap-perm,0.22494949494949495
XGBoost,tuesday,shap-gain,0.2
XGBoost,tuesday,perm-gain,0.15452991452991455
XGBoost,wednesday,shap-perm,0.38018068887634104
XGBoost,wednesday,shap-gain,0.25
XGBoost,wednesday,perm-gain,0.182991452991453
XGBoost,thursday,shap-perm,0.35389610389610393
XGBoost,thursday,shap-gain,0.22999999999999998
XGBoost,thursday,perm-gain,0.1907692307692308
XGBoost,friday,shap-perm,0.316205533596838
XGBoost,friday,shap-gain,0.2608695652173913
XGBoost,friday,perm-gain,0.21076923076923076
