arm,seed,method,precision
distributional,42,ks,1.0
distributional,42,aux_shap,0.2
distributional,42,dual_gain,0.1
distributional,42,random,0.2
distributional,1,ks,1.0
distributional,1,aux_shap,0.2
distributional,1,dual_gain,0.1
distributional,1,random,0.3
distributional,7,ks,1.0
distributional,7,aux_shap,0.2
distributional,7,dual_gain,0.0
distributional,7,random,0.1
concept,42,ks,0.3
concept,42,aux_shap,0.3
concept,42,dual_gain,0.4
concept,42,random,0.2
concept,1,ks,0.3
concept,1,aux_shap,0.2
concept,1,dual_gain,0.3
concept,1,random,0.1
concept,7,ks,0.2
concept,7,aux_shap,0.3
concept,7,dual_gain,0.3
concept,7,random,0.0
