quantile,leakage,seed,method,precision,aux_recall
0.1,0.3682548885121574,42,aux_shap,0.3,0.9708333333333333
0.1,0.3682548885121574,42,ks,0.1,0.9708333333333333
0.1,0.3682548885121574,42,random,0.0,0.9708333333333333
0.1,0.3682548885121574,1,aux_shap,0.2,0.9866666666666667
0.1,0.3682548885121574,1,ks,0.1,0.9866666666666667
0.1,0.3682548885121574,1,random,0.1,0.9866666666666667
0.1,0.3682548885121574,7,aux_shap,0.3,0.98
0.1,0.3682548885121574,7,ks,0.1,0.98
0.1,0.3682548885121574,7,random,0.4,0.98
0.35,0.8030415622062366,42,aux_shap,0.2,0.9841666666666666
0.35,0.8030415622062366,42,ks,0.2,0.9841666666666666
0.35,0.8030415622062366,42,random,0.2,0.9841666666666666
0.35,0.8030415622062366,1,aux_shap,0.2,0.985
0.35,0.8030415622062366,1,ks,0.0,0.985
0.35,0.8030415622062366,1,random,0.1,0.985
0.35,0.8030415622062366,7,aux_shap,0.3,0.9608333333333333
0.35,0.8030415622062366,7,ks,0.1,0.9608333333333333
0.35,0.8030415622062366,7,random,0.1,0.9608333333333333
0.65,0.957602273368605,42,aux_shap,0.4,0.981651376146789
0.65,0.957602273368605,42,ks,0.0,0.981651376146789
0.65,0.957602273368605,42,random,0.1,0.981651376146789
0.65,0.957602273368605,1,aux_shap,0.3,0.9731543624161074
0.65,0.957602273368605,1,ks,0.2,0.9731543624161074
0.65,0.957602273368605,1,random,0.1,0.9731543624161074
0.65,0.957602273368605,7,aux_shap,0.3,0.9858215179316097
0.65,0.957602273368605,7,ks,0.2,0.9858215179316097
0.65,0.957602273368605,7,random,0.2,0.9858215179316097
0.9,0.9993258484570127,42,aux_shap,0.3,0.9941666666666666
0.9,0.9993258484570127,42,ks,0.2,0.9941666666666666
0.9,0.9993258484570127,42,random,0.4,0.9941666666666666
0.9,0.9993258484570127,1,aux_shap,0.1,0.9925
0.9,0.9993258484570127,1,ks,0.3,0.9925
0.9,0.9993258484570127,1,random,0.1,0.9925
0.9,0.9993258484570127,7,aux_shap,0.2,0.9841666666666666
0.9,0.9993258484570127,7,ks,0.2,0.9841666666666666
0.9,0.9993258484570127,7,random,0.0,0.9841666666666666
