arm,level,leakage,seed,method,precision,aux_recall
real,real_low,0.024244766662603175,42,aux_shap,0.0,
real,real_low,0.024244766662603175,42,ks,0.0,
real,real_low,0.024244766662603175,42,random,0.0,
real,real_low,0.024244766662603175,1,aux_shap,0.2,1.0
real,real_low,0.024244766662603175,1,ks,0.0,1.0
real,real_low,0.024244766662603175,1,random,0.0,1.0
real,real_low,0.024244766662603175,7,aux_shap,0.0,
real,real_low,0.024244766662603175,7,ks,0.0,
real,real_low,0.024244766662603175,7,random,0.0,
real,real_high,0.9999846803608683,42,aux_shap,0.4,0.9899497487437185
real,real_high,0.9999846803608683,42,ks,0.0,0.9899497487437185
real,real_high,0.9999846803608683,42,random,0.2,0.9899497487437185
real,real_high,0.9999846803608683,1,aux_shap,0.4,0.9983333333333333
real,real_high,0.9999846803608683,1,ks,0.4,0.9983333333333333
real,real_high,0.9999846803608683,1,random,0.0,0.9983333333333333
real,real_high,0.9999846803608683,7,aux_shap,0.2,0.995
real,real_high,0.9999846803608683,7,ks,0.4,0.995
real,real_high,0.9999846803608683,7,random,0.0,0.995
syn,rho_0.0,0.02105358142417816,42,aux_shap,1.0,0.9266666666666666
syn,rho_0.0,0.02105358142417816,42,ks,0.2,0.9266666666666666
syn,rho_0.0,0.02105358142417816,42,random,0.0,0.9266666666666666
syn,rho_0.0,0.02418717349708039,1,aux_shap,1.0,0.9266666666666666
syn,rho_0.0,0.02418717349708039,1,ks,0.2,0.9266666666666666
syn,rho_0.0,0.02418717349708039,1,random,0.2,0.9266666666666666
syn,rho_0.0,0.0222082103879532,7,aux_shap,1.0,0.9225
syn,rho_0.0,0.0222082103879532,7,ks,0.0,0.9225
syn,rho_0.0,0.0222082103879532,7,random,0.0,0.9225
syn,rho_0.3,0.3020954456415744,42,aux_shap,0.6,0.9233333333333333
syn,rho_0.3,0.3020954456415744,42,ks,0.2,0.9233333333333333
syn,rho_0.3,0.3020954456415744,42,random,0.0,0.9233333333333333
syn,rho_0.3,0.2985981832152236,1,aux_shap,0.8,0.9083333333333333
syn,rho_0.3,0.2985981832152236,1,ks,0.2,0.9083333333333333
syn,rho_0.3,0.2985981832152236,1,random,0.2,0.9083333333333333
syn,rho_0.3,0.3037109393708603,7,aux_shap,1.0,0.905
syn,rho_0.3,0.3037109393708603,7,ks,0.0,0.905
syn,rho_0.3,0.3037109393708603,7,random,0.0,0.905
syn,rho_0.6,0.6012824766142609,42,aux_shap,0.6,0.9325
syn,rho_0.6,0.6012824766142609,42,ks,0.2,0.9325
syn,rho_0.6,0.6012824766142609,42,random,0.0,0.9325
syn,rho_0.6,0.5989642242775175,1,aux_shap,0.6,0.9166666666666666
syn,rho_0.6,0.5989642242775175,1,ks,0.2,0.9166666666666666
syn,rho_0.6,0.5989642242775175,1,random,0.2,0.9166666666666666
syn,rho_0.6,0.6030478205983859,7,aux_shap,0.6,0.8816666666666667
syn,rho_0.6,0.6030478205983859,7,ks,0.0,0.8816666666666667
syn,rho_0.6,0.6030478205983859,7,random,0.0,0.8816666666666667
syn,rho_0.9,0.9002314788846334,42,aux_shap,0.6,0.9358333333333333
syn,rho_0.9,0.9002314788846334,42,ks,0.2,0.9358333333333333
syn,rho_0.9,0.9002314788846334,42,random,0.0,0.9358333333333333
syn,rho_0.9,0.8997286381740723,1,aux_shap,0.6,0.9216666666666666
syn,rho_0.9,0.8997286381740723,1,ks,0.2,0.9216666666666666
syn,rho_0.9,0.8997286381740723,1,random,0.2,0.9216666666666666
syn,rho_0.9,0.9009163382275498,7,aux_shap,0.6,0.8983333333333333
syn,rho_0.9,0.9009163382275498,7,ks,0.0,0.8983333333333333
syn,rho_0.9,0.9009163382275498,7,random,0.0,0.8983333333333333
syn,rho_0.99,0.9900109020680372,42,aux_shap,0.6,0.9375
syn,rho_0.99,0.9900109020680372,42,ks,0.2,0.9375
syn,rho_0.99,0.9900109020680372,42,random,0.0,0.9375
syn,rho_0.99,0.9899777302647694,1,aux_shap,0.4,0.9308333333333333
syn,rho_0.99,0.9899777302647694,1,ks,0.2,0.9308333333333333
syn,rho_0.99,0.9899777302647694,1,random,0.2,0.9308333333333333
syn,rho_0.99,0.9900853218603686,7,aux_shap,0.6,0.915
syn,rho_0.99,0.9900853218603686,7,ks,0.0,0.915
syn,rho_0.99,0.9900853218603686,7,random,0.0,0.915
