level,leakage,seed,method,precision,aux_recall,balance
nd_low,0.24795431984747723,42,aux_shap,0.4,0.99,0.5
nd_low,0.24795431984747723,42,ks,0.2,0.99,0.5
nd_low,0.24795431984747723,42,random,0.0,0.99,0.5
nd_low,0.24795431984747723,1,aux_shap,0.2,0.9883333333333333,0.5
nd_low,0.24795431984747723,1,ks,0.2,0.9883333333333333,0.5
nd_low,0.24795431984747723,1,random,0.0,0.9883333333333333,0.5
nd_low,0.24795431984747723,7,aux_shap,0.2,0.9866666666666667,0.5
nd_low,0.24795431984747723,7,ks,0.2,0.9866666666666667,0.5
nd_low,0.24795431984747723,7,random,0.4,0.9866666666666667,0.5
nd_high,0.9740576015476915,42,aux_shap,0.6,0.9933333333333333,0.5
nd_high,0.9740576015476915,42,ks,0.0,0.9933333333333333,0.5
nd_high,0.9740576015476915,42,random,0.0,0.9933333333333333,0.5
nd_high,0.9740576015476915,1,aux_shap,0.6,0.9966666666666667,0.5
nd_high,0.9740576015476915,1,ks,0.2,0.9966666666666667,0.5
nd_high,0.9740576015476915,1,random,0.0,0.9966666666666667,0.5
nd_high,0.9740576015476915,7,aux_shap,0.6,0.995,0.5
nd_high,0.9740576015476915,7,ks,0.0,0.995,0.5
nd_high,0.9740576015476915,7,random,0.0,0.995,0.5
