level,leakage,seed,model,method,precision,aux_recall,balance
0.05,0.4435052206617339,42,shared,ks,0.2,,0.5
0.05,0.4435052206617339,42,shared,random,0.0,,0.5
0.05,0.4435052206617339,42,rf,aux_shap,0.6,0.9933333333333333,0.5
0.05,0.4435052206617339,42,xgb,aux_shap,0.6,0.9975,0.5
0.05,0.4435052206617339,1,shared,ks,0.4,,0.5
0.05,0.4435052206617339,1,shared,random,0.2,,0.5
0.05,0.4435052206617339,1,rf,aux_shap,0.4,0.9883333333333333,0.5
0.05,0.4435052206617339,1,xgb,aux_shap,0.6,0.9883333333333333,0.5
0.05,0.4435052206617339,7,shared,ks,0.2,,0.5
0.05,0.4435052206617339,7,shared,random,0.2,,0.5
0.05,0.4435052206617339,7,rf,aux_shap,0.4,0.9941666666666666,0.5
0.05,0.4435052206617339,7,xgb,aux_shap,0.6,0.9958333333333333,0.5
0.35,0.8180814545906203,42,shared,ks,0.2,,0.4975
0.35,0.8180814545906203,42,shared,random,0.0,,0.4975
0.35,0.8180814545906203,42,rf,aux_shap,0.6,0.9849246231155779,0.4975
0.35,0.8180814545906203,42,xgb,aux_shap,0.8,0.9932998324958124,0.4975
0.35,0.8180814545906203,1,shared,ks,0.0,,0.5
0.35,0.8180814545906203,1,shared,random,0.0,,0.5
0.35,0.8180814545906203,1,rf,aux_shap,0.6,0.9883333333333333,0.5
0.35,0.8180814545906203,1,xgb,aux_shap,0.6,0.9975,0.5
0.35,0.8180814545906203,7,shared,ks,0.0,,0.5
0.35,0.8180814545906203,7,shared,random,0.2,,0.5
0.35,0.8180814545906203,7,rf,aux_shap,0.6,0.96,0.5
0.35,0.8180814545906203,7,xgb,aux_shap,0.8,0.9891666666666666,0.5
0.65,0.9437288870123476,42,shared,ks,0.2,,0.49916666666666665
0.65,0.9437288870123476,42,shared,random,0.2,,0.49916666666666665
0.65,0.9437288870123476,42,rf,aux_shap,0.4,0.994991652754591,0.49916666666666665
0.65,0.9437288870123476,42,xgb,aux_shap,0.6,0.9924874791318865,0.49916666666666665
0.65,0.9437288870123476,1,shared,ks,0.2,,0.5
0.65,0.9437288870123476,1,shared,random,0.2,,0.5
0.65,0.9437288870123476,1,rf,aux_shap,0.6,0.935,0.5
0.65,0.9437288870123476,1,xgb,aux_shap,0.8,0.9975,0.5
0.65,0.9437288870123476,7,shared,ks,0.4,,0.5
0.65,0.9437288870123476,7,shared,random,0.0,,0.5
0.65,0.9437288870123476,7,rf,aux_shap,0.6,0.9891666666666666,0.5
0.65,0.9437288870123476,7,xgb,aux_shap,0.6,0.9975,0.5
0.95,0.9846072397745111,42,shared,ks,0.0,,0.5
0.95,0.9846072397745111,42,shared,random,0.2,,0.5
0.95,0.9846072397745111,42,rf,aux_shap,0.8,0.9875,0.5
0.95,0.9846072397745111,42,xgb,aux_shap,0.8,0.9958333333333333,0.5
0.95,0.9846072397745111,1,shared,ks,0.2,,0.4975
0.95,0.9846072397745111,1,shared,random,0.0,,0.4975
0.95,0.9846072397745111,1,rf,aux_shap,0.2,0.9899497487437185,0.4975
0.95,0.9846072397745111,1,xgb,aux_shap,0.8,0.998324958123953,0.4975
0.95,0.9846072397745111,7,shared,ks,0.0,,0.5
0.95,0.9846072397745111,7,shared,random,0.0,,0.5
0.95,0.9846072397745111,7,rf,aux_shap,0.2,0.9925,0.5
0.95,0.9846072397745111,7,xgb,aux_shap,0.6,0.9983333333333333,0.5
