family,model,seed,method,gt,precision,spearman
Generic,rf,42,ks,wasserstein,0.3,0.18722131563906544
Generic,rf,42,ks,domain_oracle_shap,0.7,0.6605855602041862
Generic,rf,42,domain_shap,wasserstein,0.3,0.4217648488777247
Generic,rf,42,domain_shap,domain_oracle_shap,1.0,0.954136617778138
Generic,rf,42,dual_ids,wasserstein,0.3,0.5100883234745969
Generic,rf,42,dual_ids,domain_oracle_shap,0.6,0.6938659752046027
Generic,rf,42,perm_domain,wasserstein,0.3,0.4206578628012625
Generic,rf,42,perm_domain,domain_oracle_shap,0.2,0.23047160846669523
Generic,rf,42,random,wasserstein,0.3,0.0007292763957539907
Generic,rf,42,random,domain_oracle_shap,0.2,-0.10768981443967264
Generic,rf,1,ks,wasserstein,0.3,0.16773410983121775
Generic,rf,1,ks,domain_oracle_shap,0.7,0.6466964688852702
Generic,rf,1,domain_shap,wasserstein,0.4,0.4173891905032007
Generic,rf,1,domain_shap,domain_oracle_shap,0.9,0.8791021797261163
Generic,rf,1,dual_ids,wasserstein,0.2,0.34673041082570294
Generic,rf,1,dual_ids,domain_oracle_shap,0.5,0.6147800016206143
Generic,rf,1,perm_domain,wasserstein,0.2,0.11559159378024049
Generic,rf,1,perm_domain,domain_oracle_shap,0.7,0.48227336115115216
Generic,rf,1,random,wasserstein,0.3,0.1733246900575318
Generic,rf,1,random,domain_oracle_shap,0.2,-0.14237095859330687
Generic,rf,7,ks,wasserstein,0.3,0.21601464688922822
Generic,rf,7,ks,domain_oracle_shap,0.8,0.6815326978618479
Generic,rf,7,domain_shap,wasserstein,0.3,0.49209950571266514
Generic,rf,7,domain_shap,domain_oracle_shap,0.9,0.9081111741349972
Generic,rf,7,dual_ids,wasserstein,0.2,0.38173567782189455
Generic,rf,7,dual_ids,domain_oracle_shap,0.5,0.6695567620128029
Generic,rf,7,perm_domain,wasserstein,0.4,0.24866748748903866
Generic,rf,7,perm_domain,domain_oracle_shap,0.6,0.4201959768957446
Generic,rf,7,random,wasserstein,0.2,-0.055830159630499955
Generic,rf,7,random,domain_oracle_shap,0.0,-0.20751964994733005
Generic,xgb,42,ks,wasserstein,0.3,0.18722131563906544
Generic,xgb,42,ks,domain_oracle_shap,0.6,0.46914286633886915
Generic,xgb,42,domain_shap,wasserstein,0.4,0.29142349994307876
Generic,xgb,42,domain_shap,domain_oracle_shap,0.6,0.9125993459508225
Generic,xgb,42,dual_ids,wasserstein,0.4,0.33236081156265473
Generic,xgb,42,dual_ids,domain_oracle_shap,0.5,0.5632649752776201
Generic,xgb,42,perm_domain,wasserstein,0.4,0.19852590087330313
Generic,xgb,42,perm_domain,domain_oracle_shap,0.4,0.560926581893431
Generic,xgb,42,random,wasserstein,0.3,0.0007292763957539907
Generic,xgb,42,random,domain_oracle_shap,0.1,-0.19199287066372323
Generic,xgb,1,ks,wasserstein,0.3,0.16773410983121775
Generic,xgb,1,ks,domain_oracle_shap,0.5,0.442228191588298
Generic,xgb,1,domain_shap,wasserstein,0.5,0.33949266999169975
Generic,xgb,1,domain_shap,domain_oracle_shap,0.9,0.9335332738915457
Generic,xgb,1,dual_ids,wasserstein,0.4,0.42704914746774336
Generic,xgb,1,dual_ids,domain_oracle_shap,0.3,0.42355229878985773
Generic,xgb,1,perm_domain,wasserstein,0.4,0.09358483091963914
Generic,xgb,1,perm_domain,domain_oracle_shap,0.6,0.37686764078538393
Generic,xgb,1,random,wasserstein,0.3,0.1733246900575318
Generic,xgb,1,random,domain_oracle_shap,0.2,-0.1354242663060707
Generic,xgb,7,ks,wasserstein,0.3,0.21601464688922822
Generic,xgb,7,ks,domain_oracle_shap,0.6,0.4860306421218137
Generic,xgb,7,domain_shap,wasserstein,0.3,0.3292811454228398
Generic,xgb,7,domain_shap,domain_oracle_shap,0.7,0.9108373186350003
Generic,xgb,7,dual_ids,wasserstein,0.4,0.37467577656103196
Generic,xgb,7,dual_ids,domain_oracle_shap,0.5,0.6165883107636819
Generic,xgb,7,perm_domain,wasserstein,0.3,0.22993733490626894
Generic,xgb,7,perm_domain,domain_oracle_shap,0.5,0.7131561237424761
Generic,xgb,7,random,wasserstein,0.2,-0.055830159630499955
Generic,xgb,7,random,domain_oracle_shap,0.0,-0.2106329551941818
Generic,mlp,42,ks,wasserstein,0.3,0.18722131563906544
Generic,mlp,42,ks,domain_oracle_shap,0.4,0.18786998195570143
Generic,mlp,42,domain_shap,wasserstein,0.6,0.8932015233773601
Generic,mlp,42,domain_shap,domain_oracle_shap,0.7,0.9212381492585691
Generic,mlp,42,dual_ids,wasserstein,0.5,0.6551332955190017
Generic,mlp,42,dual_ids,domain_oracle_shap,0.5,0.6917591767279799
Generic,mlp,42,perm_domain,wasserstein,0.3,0.16992233684038652
Generic,mlp,42,perm_domain,domain_oracle_shap,0.3,0.36041896530978274
Generic,mlp,42,random,wasserstein,0.3,0.0007292763957539907
Generic,mlp,42,random,domain_oracle_shap,0.1,0.0757637144477757
Generic,mlp,1,ks,wasserstein,0.3,0.16773410983121775
Generic,mlp,1,ks,domain_oracle_shap,0.4,0.17486828173317387
Generic,mlp,1,domain_shap,wasserstein,0.7,0.831942306134025
Generic,mlp,1,domain_shap,domain_oracle_shap,0.6,0.7998541447208491
Generic,mlp,1,dual_ids,wasserstein,0.6,0.7214164168219755
Generic,mlp,1,dual_ids,domain_oracle_shap,0.7,0.6838181670853254
Generic,mlp,1,perm_domain,wasserstein,0.4,0.5331557399272966
Generic,mlp,1,perm_domain,domain_oracle_shap,0.4,0.522486109323802
Generic,mlp,1,random,wasserstein,0.3,0.1733246900575318
Generic,mlp,1,random,domain_oracle_shap,0.4,0.12632687788671906
Generic,mlp,7,ks,wasserstein,0.3,0.21601464688922822
Generic,mlp,7,ks,domain_oracle_shap,0.4,0.22225831348475017
Generic,mlp,7,domain_shap,wasserstein,0.5,0.8113605056316344
Generic,mlp,7,domain_shap,domain_oracle_shap,0.5,0.7988817761931772
Generic,mlp,7,dual_ids,wasserstein,0.4,0.6280690381654648
Generic,mlp,7,dual_ids,domain_oracle_shap,0.6,0.6747427274937201
Generic,mlp,7,perm_domain,wasserstein,0.2,0.17813684996419532
Generic,mlp,7,perm_domain,domain_oracle_shap,0.4,0.3662551185785803
Generic,mlp,7,random,wasserstein,0.2,-0.055830159630499955
Generic,mlp,7,random,domain_oracle_shap,0.1,0.1023417875374767
Exploits,rf,42,ks,wasserstein,0.3,0.1810592896913968
Exploits,rf,42,ks,domain_oracle_shap,0.6,0.7586011421268907
Exploits,rf,42,domain_shap,wasserstein,0.4,0.3352240499149178
Exploits,rf,42,domain_shap,domain_oracle_shap,0.7,0.9353374929098129
Exploits,rf,42,dual_ids,wasserstein,0.4,0.24771088242443887
Exploits,rf,42,dual_ids,domain_oracle_shap,0.3,0.5309942468195447
Exploits,rf,42,perm_domain,wasserstein,0.2,0.11168630616164373
Exploits,rf,42,perm_domain,domain_oracle_shap,0.7,0.4782181365123847
Exploits,rf,42,random,wasserstein,0.3,-0.10509683169921402
Exploits,rf,42,random,domain_oracle_shap,0.1,-0.16862490884045053
Exploits,rf,1,ks,wasserstein,0.5,0.2525931936981145
Exploits,rf,1,ks,domain_oracle_shap,0.6,0.8175850918255622
Exploits,rf,1,domain_shap,wasserstein,0.3,0.2554898306458148
Exploits,rf,1,domain_shap,domain_oracle_shap,0.7,0.9173486751478811
Exploits,rf,1,dual_ids,wasserstein,0.6,0.453528887448343
Exploits,rf,1,dual_ids,domain_oracle_shap,0.6,0.6246657483186128
Exploits,rf,1,perm_domain,wasserstein,0.4,0.21126363423569622
Exploits,rf,1,perm_domain,domain_oracle_shap,0.6,0.6911326517288315
Exploits,rf,1,random,wasserstein,0.2,0.0817599870350863
Exploits,rf,1,random,domain_oracle_shap,0.3,-0.05485779110282797
Exploits,rf,7,ks,wasserstein,0.5,0.2599076134312201
Exploits,rf,7,ks,domain_oracle_shap,0.6,0.7970662232915652
Exploits,rf,7,domain_shap,wasserstein,0.4,0.29454663317397295
Exploits,rf,7,domain_shap,domain_oracle_shap,0.8,0.9353374929098129
Exploits,rf,7,dual_ids,wasserstein,0.5,0.3901628717283851
Exploits,rf,7,dual_ids,domain_oracle_shap,0.5,0.6202900899440889
Exploits,rf,7,perm_domain,wasserstein,0.3,0.109943736328007
Exploits,rf,7,perm_domain,domain_oracle_shap,0.8,0.6701645062142992
Exploits,rf,7,random,wasserstein,0.2,-0.010128838829916538
Exploits,rf,7,random,domain_oracle_shap,0.1,-0.07916700429462767
Exploits,xgb,42,ks,wasserstein,0.3,0.1810592896913968
Exploits,xgb,42,ks,domain_oracle_shap,0.4,0.7294613551162236
Exploits,xgb,42,domain_shap,wasserstein,0.4,0.3133917248344763
Exploits,xgb,42,domain_shap,domain_oracle_shap,0.7,0.8724663789780385
Exploits,xgb,42,dual_ids,wasserstein,0.1,0.08365759442037754
Exploits,xgb,42,dual_ids,domain_oracle_shap,0.3,0.3792768070680479
Exploits,xgb,42,perm_domain,wasserstein,0.5,0.27750485588628276
Exploits,xgb,42,perm_domain,domain_oracle_shap,0.6,0.5853823940024182
Exploits,xgb,42,random,wasserstein,0.3,-0.10509683169921402
Exploits,xgb,42,random,domain_oracle_shap,0.1,-0.1415835985857005
Exploits,xgb,1,ks,wasserstein,0.5,0.2525931936981145
Exploits,xgb,1,ks,domain_oracle_shap,0.4,0.755227754142143
Exploits,xgb,1,domain_shap,wasserstein,0.2,0.09111544198498484
Exploits,xgb,1,domain_shap,domain_oracle_shap,0.7,0.8398735451940804
Exploits,xgb,1,dual_ids,wasserstein,0.4,0.3856193572264883
Exploits,xgb,1,dual_ids,domain_oracle_shap,0.4,0.5117561364287129
Exploits,xgb,1,perm_domain,wasserstein,0.2,0.054421172682131286
Exploits,xgb,1,perm_domain,domain_oracle_shap,0.8,0.5899238530115216
Exploits,xgb,1,random,wasserstein,0.2,0.0817599870350863
Exploits,xgb,1,random,domain_oracle_shap,0.2,-8.104384578460246e-05
Exploits,xgb,7,ks,wasserstein,0.5,0.2599076134312201
Exploits,xgb,7,ks,domain_oracle_shap,0.4,0.7368890329901921
Exploits,xgb,7,domain_shap,wasserstein,0.4,0.22073659918446545
Exploits,xgb,7,domain_shap,domain_oracle_shap,0.7,0.875227951517733
Exploits,xgb,7,dual_ids,wasserstein,0.3,-0.00024313153735380742
Exploits,xgb,7,dual_ids,domain_oracle_shap,0.4,0.41736240577125716
Exploits,xgb,7,perm_domain,wasserstein,0.2,0.2030591832514856
Exploits,xgb,7,perm_domain,domain_oracle_shap,0.4,0.31555604013170396
Exploits,xgb,7,random,wasserstein,0.2,-0.010128838829916538
Exploits,xgb,7,random,domain_oracle_shap,0.1,-0.1115973756453976
Exploits,mlp,42,ks,wasserstein,0.3,0.1810592896913968
Exploits,mlp,42,ks,domain_oracle_shap,0.4,0.2502735391974186
Exploits,mlp,42,domain_shap,wasserstein,0.6,0.8277287091807797
Exploits,mlp,42,domain_shap,domain_oracle_shap,0.9,0.928044728952273
Exploits,mlp,42,dual_ids,wasserstein,0.7,0.574750830564784
Exploits,mlp,42,dual_ids,domain_oracle_shap,0.9,0.5998703508629771
Exploits,mlp,42,perm_domain,wasserstein,0.5,0.7461826157902052
Exploits,mlp,42,perm_domain,domain_oracle_shap,0.7,0.7308116605439547
Exploits,mlp,42,random,wasserstein,0.3,-0.10509683169921402
Exploits,mlp,42,random,domain_oracle_shap,0.2,0.11319990276314726
Exploits,mlp,1,ks,wasserstein,0.5,0.2525931936981145
Exploits,mlp,1,ks,domain_oracle_shap,0.5,0.32576985520257307
Exploits,mlp,1,domain_shap,wasserstein,0.5,0.7262782594603354
Exploits,mlp,1,domain_shap,domain_oracle_shap,0.6,0.8076330929422252
Exploits,mlp,1,dual_ids,wasserstein,0.5,0.6749047889149988
Exploits,mlp,1,dual_ids,domain_oracle_shap,0.6,0.6760392188639495
Exploits,mlp,1,perm_domain,wasserstein,0.4,0.541850071332565
Exploits,mlp,1,perm_domain,domain_oracle_shap,0.6,0.6186297872343876
Exploits,mlp,1,random,wasserstein,0.2,0.0817599870350863
Exploits,mlp,1,random,domain_oracle_shap,0.3,0.23928368851794832
Exploits,mlp,7,ks,wasserstein,0.5,0.2599076134312201
Exploits,mlp,7,ks,domain_oracle_shap,0.5,0.33276603079157774
Exploits,mlp,7,domain_shap,wasserstein,0.5,0.8092537071550119
Exploits,mlp,7,domain_shap,domain_oracle_shap,0.7,0.8713232315047402
Exploits,mlp,7,dual_ids,wasserstein,0.4,0.5556275828539017
Exploits,mlp,7,dual_ids,domain_oracle_shap,0.5,0.6235313183696621
Exploits,mlp,7,perm_domain,wasserstein,0.6,0.3802668597727814
Exploits,mlp,7,perm_domain,domain_oracle_shap,0.7,0.4926785009871072
Exploits,mlp,7,random,wasserstein,0.2,-0.010128838829916538
Exploits,mlp,7,random,domain_oracle_shap,0.2,0.034275990600437574
Fuzzers,rf,42,ks,wasserstein,0.5,0.5066245294057555
Fuzzers,rf,42,ks,domain_oracle_shap,0.6,0.768688465441938
Fuzzers,rf,42,domain_shap,wasserstein,0.4,0.4976095940361397
Fuzzers,rf,42,domain_shap,domain_oracle_shap,1.0,0.946357669556762
Fuzzers,rf,42,dual_ids,wasserstein,0.4,0.32306944331901793
Fuzzers,rf,42,dual_ids,domain_oracle_shap,0.7,0.6868973340896201
Fuzzers,rf,42,perm_domain,wasserstein,0.3,0.2641613368347396
Fuzzers,rf,42,perm_domain,domain_oracle_shap,0.5,0.49497536524834707
Fuzzers,rf,42,random,wasserstein,0.4,0.20427842152175674
Fuzzers,rf,42,random,domain_oracle_shap,0.1,0.13653674742727495
Fuzzers,rf,1,ks,wasserstein,0.5,0.48932290972988196
Fuzzers,rf,1,ks,domain_oracle_shap,0.6,0.7560273972954734
Fuzzers,rf,1,domain_shap,wasserstein,0.5,0.424033708775626
Fuzzers,rf,1,domain_shap,domain_oracle_shap,0.9,0.9346892472246984
Fuzzers,rf,1,dual_ids,wasserstein,0.5,0.2705615428247306
Fuzzers,rf,1,dual_ids,domain_oracle_shap,0.7,0.5815574102584881
Fuzzers,rf,1,perm_domain,wasserstein,0.6,0.23744262896002194
Fuzzers,rf,1,perm_domain,domain_oracle_shap,0.6,0.5268016982961962
Fuzzers,rf,1,random,wasserstein,0.2,-0.030548577911028284
Fuzzers,rf,1,random,domain_oracle_shap,0.2,0.0401102017664695
Fuzzers,rf,7,ks,wasserstein,0.5,0.5003444260802072
Fuzzers,rf,7,ks,domain_oracle_shap,0.5,0.7467077327345367
Fuzzers,rf,7,domain_shap,wasserstein,0.4,0.4431569564865085
Fuzzers,rf,7,domain_shap,domain_oracle_shap,0.9,0.9461956081354833
Fuzzers,rf,7,dual_ids,wasserstein,0.5,0.183858682440645
Fuzzers,rf,7,dual_ids,domain_oracle_shap,0.8,0.5212705615428248
Fuzzers,rf,7,perm_domain,wasserstein,0.3,0.12451389930727315
Fuzzers,rf,7,perm_domain,domain_oracle_shap,0.4,0.1838246317934374
Fuzzers,rf,7,random,wasserstein,0.3,0.014666558625719148
Fuzzers,rf,7,random,domain_oracle_shap,0.3,-0.0013775220808686494
Fuzzers,xgb,42,ks,wasserstein,0.5,0.5066245294057555
Fuzzers,xgb,42,ks,domain_oracle_shap,0.5,0.5589141004862235
Fuzzers,xgb,42,domain_shap,wasserstein,0.5,0.36650190422170004
Fuzzers,xgb,42,domain_shap,domain_oracle_shap,0.8,0.9215996117932912
Fuzzers,xgb,42,dual_ids,wasserstein,0.3,0.3159857587699919
Fuzzers,xgb,42,dual_ids,domain_oracle_shap,0.7,0.5962061115777257
Fuzzers,xgb,42,perm_domain,wasserstein,0.4,0.24743477696113178
Fuzzers,xgb,42,perm_domain,domain_oracle_shap,0.7,0.7282326251951747
Fuzzers,xgb,42,random,wasserstein,0.4,0.20427842152175674
Fuzzers,xgb,42,random,domain_oracle_shap,0.2,0.1847575059253235
Fuzzers,xgb,1,ks,wasserstein,0.5,0.48932290972988196
Fuzzers,xgb,1,ks,domain_oracle_shap,0.5,0.5447767259968717
Fuzzers,xgb,1,domain_shap,wasserstein,0.2,0.31036019635701273
Fuzzers,xgb,1,domain_shap,domain_oracle_shap,0.7,0.9081037277147487
Fuzzers,xgb,1,dual_ids,wasserstein,0.5,0.5881351888588601
Fuzzers,xgb,1,dual_ids,domain_oracle_shap,0.7,0.6052599631386639
Fuzzers,xgb,1,perm_domain,wasserstein,0.2,0.11144665138236012
Fuzzers,xgb,1,perm_domain,domain_oracle_shap,0.6,0.6059790311773193
Fuzzers,xgb,1,random,wasserstein,0.2,-0.030548577911028284
Fuzzers,xgb,1,random,domain_oracle_shap,0.1,0.024229164154241988
Fuzzers,xgb,7,ks,wasserstein,0.5,0.5003444260802072
Fuzzers,xgb,7,ks,domain_oracle_shap,0.5,0.5303103996668446
Fuzzers,xgb,7,domain_shap,wasserstein,0.3,0.29508064250173754
Fuzzers,xgb,7,domain_shap,domain_oracle_shap,0.6,0.8829274288206486
Fuzzers,xgb,7,dual_ids,wasserstein,0.3,0.43109601465849595
Fuzzers,xgb,7,dual_ids,domain_oracle_shap,0.7,0.6660046651256789
Fuzzers,xgb,7,perm_domain,wasserstein,0.2,0.1482608226049049
Fuzzers,xgb,7,perm_domain,domain_oracle_shap,0.6,0.5842017058397707
Fuzzers,xgb,7,random,wasserstein,0.3,0.014666558625719148
Fuzzers,xgb,7,random,domain_oracle_shap,0.2,-0.05048417815415638
Fuzzers,mlp,42,ks,wasserstein,0.5,0.5066245294057555
Fuzzers,mlp,42,ks,domain_oracle_shap,0.4,0.24383128742513085
Fuzzers,mlp,42,domain_shap,wasserstein,0.7,0.8180050239040596
Fuzzers,mlp,42,domain_shap,domain_oracle_shap,0.7,0.841990114253302
Fuzzers,mlp,42,dual_ids,wasserstein,0.5,0.5305080625557087
Fuzzers,mlp,42,dual_ids,domain_oracle_shap,0.5,0.4648731869378495
Fuzzers,mlp,42,perm_domain,wasserstein,0.6,0.5129745122185969
Fuzzers,mlp,42,perm_domain,domain_oracle_shap,0.6,0.6824523387340676
Fuzzers,mlp,42,random,wasserstein,0.4,0.20427842152175674
Fuzzers,mlp,42,random,domain_oracle_shap,0.0,0.016287172838505795
Fuzzers,mlp,1,ks,wasserstein,0.5,0.48932290972988196
Fuzzers,mlp,1,ks,domain_oracle_shap,0.4,0.22391507114668163
Fuzzers,mlp,1,domain_shap,wasserstein,0.6,0.8133052426869785
Fuzzers,mlp,1,domain_shap,domain_oracle_shap,0.7,0.7513977797585286
Fuzzers,mlp,1,dual_ids,wasserstein,0.6,0.6551332955190017
Fuzzers,mlp,1,dual_ids,domain_oracle_shap,0.5,0.524511789968398
Fuzzers,mlp,1,perm_domain,wasserstein,0.3,0.15252815866203334
Fuzzers,mlp,1,perm_domain,domain_oracle_shap,0.4,0.014180421490950224
Fuzzers,mlp,1,random,wasserstein,0.2,-0.030548577911028284
Fuzzers,mlp,1,random,domain_oracle_shap,0.1,-0.03800340328984685
Fuzzers,mlp,7,ks,wasserstein,0.5,0.5003444260802072
Fuzzers,mlp,7,ks,domain_oracle_shap,0.4,0.26467847353060525
Fuzzers,mlp,7,domain_shap,wasserstein,0.6,0.7499392269670206
Fuzzers,mlp,7,domain_shap,domain_oracle_shap,0.7,0.839073008670286
Fuzzers,mlp,7,dual_ids,wasserstein,0.4,0.5632444696539989
Fuzzers,mlp,7,dual_ids,domain_oracle_shap,0.6,0.6765254031277855
Fuzzers,mlp,7,perm_domain,wasserstein,0.5,0.5324345329879305
Fuzzers,mlp,7,perm_domain,domain_oracle_shap,0.7,0.5487035988880186
Fuzzers,mlp,7,random,wasserstein,0.3,0.014666558625719148
Fuzzers,mlp,7,random,domain_oracle_shap,0.4,-0.05550603678794263
