comparison,bucket,circular,n,delta,ci_lo,ci_hi,p,dz,significant,p_holm,significant_holm
KS vs.\ domain-SHAP (UNSW),GT_in,False,18,0.0444444444444444,-0.0166666666666666,0.1111111111111111,0.5034706193565313,0.3122355511893596,False,1.0,False
dual-IDS vs.\ domain-SHAP (UNSW),GT_in,False,18,0.0055555555555555,-0.0666666666666666,0.0833333333333333,0.9685181812691614,0.0341675585520782,False,1.0,False
dual vs.\ aux (CICIDS),GT_in,False,9,-0.0444444444444444,-0.0888888888888888,-0.0111111111111111,0.25,-0.6117752903214979,False,0.8933166296788776,False
KS vs.\ random (UNSW),GT_in,False,18,0.1444444444444444,0.0888888888888888,0.2,0.0018393246993872,1.1166744402714497,True,0.011035948196323201,True
domain-SHAP vs.\ KS (UNSW),GT_ex,True,18,0.2277777777777777,0.1722222222222222,0.2833333333333333,0.0002745293945976,1.8557591141125924,True,0.0021962351567808,True
"KS vs.\ domain-SHAP (2018, trees)",GT_in,False,24,0.1291666666666666,0.0708333333333333,0.1833333333333333,0.0008163538569731,0.8853215948123795,True,0.0057144769988117005,True
dual-IDS vs.\ domain-SHAP (2018),GT_in,False,36,-0.0305555555555555,-0.075,0.0111111111111111,0.2233291574197194,-0.2266015688652072,False,0.8933166296788776,False
"KS vs.\ random (2018, trees)",GT_in,False,24,0.35,0.3083333333333333,0.3916666666666666,1.6625284102612557e-05,3.291889800940861,True,0.00016625284102612557,True
domain-SHAP (MLP) vs.\ KS (2018),GT_in,False,12,0.125,0.0583333333333333,0.1916666666666666,0.0078125,0.970453925705805,True,0.0390625,True
"domain-SHAP vs.\ KS (2018, trees)",GT_ex,True,24,0.2208333333333333,0.1541666666666666,0.2916666666666667,0.0001883171794061,1.248498422560816,True,0.0016948546146548999,True
