comparison,bucket,circular,n,delta,ci_lo,ci_hi,p,dz,significant
KS vs.\ domain-SHAP (UNSW),GT_in,False,18,0.044444444444444425,-0.016666666666666684,0.1111111111111111,0.5034706193565313,0.31223555118935964,False
dual-IDS vs.\ domain-SHAP (UNSW),GT_in,False,18,0.005555555555555551,-0.06666666666666668,0.08333333333333331,0.9685181812691614,0.03416755855207824,False
dual vs.\ aux (CICIDS),GT_in,False,9,-0.04444444444444443,-0.08888888888888886,-0.011111111111111108,0.25,-0.6117752903214979,False
KS vs.\ random (UNSW),GT_in,False,18,0.14444444444444446,0.08888888888888886,0.2,0.00183932469938724,1.1166744402714497,True
domain-SHAP vs.\ KS (UNSW),GT_ex,True,18,0.22777777777777775,0.17222222222222222,0.2833333333333333,0.00027452939459761855,1.8557591141125924,True
"KS vs.\ domain-SHAP (2018, trees)",GT_in,False,24,0.12916666666666668,0.07083333333333333,0.18333333333333335,0.0008163538569731475,0.8853215948123795,True
dual-IDS vs.\ domain-SHAP (2018),GT_in,False,36,-0.030555555555555558,-0.07500000000000001,0.011111111111111108,0.22332915741971948,-0.22660156886520721,False
"KS vs.\ random (2018, trees)",GT_in,False,24,0.35000000000000003,0.30833333333333335,0.39166666666666666,1.6625284102612557e-05,3.2918898009408615,True
domain-SHAP (MLP) vs.\ KS (2018),GT_in,False,12,0.125,0.05833333333333332,0.19166666666666668,0.0078125,0.970453925705805,True
"domain-SHAP vs.\ KS (2018, trees)",GT_ex,True,24,0.22083333333333333,0.15416666666666665,0.2916666666666667,0.00018831717940617367,1.248498422560816,True
