window,region,drift_score,novel_rate,fired,is_drift,is_onset
0,quiet,0.002664819050687986,0.0,False,False,False
1,quiet,0.0025043821817673944,0.0,False,False,False
2,quiet,0.003024978208414622,0.0,False,False,False
3,quiet,0.004367036261764121,0.0,False,False,False
4,quiet,0.007539386142936127,0.0,False,False,False
5,drift,0.1703936492306735,0.5334,True,True,True
6,drift,0.4909945652964816,0.98108,True,True,False
7,drift,0.486659590908176,0.97504,True,True,False
8,drift,0.3724269494039496,0.78102,True,True,True
9,drift,0.16494823578650952,0.00018,True,True,True
10,drift,0.027947023972545837,0.03744,True,True,False
11,drift,0.09598165528676791,0.06136,True,True,False
12,drift,0.09511104541420361,0.06134,True,True,False
13,drift,0.09570006543145124,0.06196,True,True,False
14,drift,0.08362888768554577,0.0576,True,True,False
15,drift,0.1890727256582546,0.0012,True,True,True
16,drift,0.1837039576266769,0.1645,True,True,True
17,drift,0.12030084419660324,0.24882,True,True,True
18,drift,0.12536902748342457,0.25696,True,True,False
19,drift,0.12303185351315091,0.2504,True,True,False
20,drift,0.1262563972118655,0.25834,True,True,False
21,drift,0.12461452959788917,0.25526,True,True,False
22,drift,0.1449197499771242,0.05484,True,True,True
23,drift,0.13490484728574054,0.11164,True,True,True
24,drift,0.49395375010229303,0.9214,True,True,False
25,drift,0.18066875357475962,0.42796,True,True,False
26,drift,0.2227190663789191,0.51874,True,True,False
27,drift,0.22384052403086707,0.52136,True,True,False
28,drift,0.2260393761610964,0.52472,True,True,False
29,drift,0.22276460618553512,0.51888,True,True,False
30,drift,0.2243537410846912,0.52154,True,True,False
31,drift,0.22276239576996335,0.51938,True,True,False
32,drift,0.22133346749773816,0.517,True,True,False
33,drift,0.22447603672266606,0.5213647959183674,True,True,False
