window,never,always_sliding,periodic_3,cumulative,triggered_250,triggered_2500,triggered_25000,is_drift
0,0.0,0.0,0.0,0.0,0.0,0.0,0.0,True
1,0.0,1.0,0.0,1.0,1.0,1.0,1.0,True
2,0.0,0.999917952084017,0.0,1.0,0.999917952084017,1.0,1.0,True
3,0.0,0.9924713835753246,0.9924713835753246,0.9999743924611405,0.999769532150265,1.0,1.0,True
4,0.0,0.1111111111111111,0.1111111111111111,0.1111111111111111,0.1111111111111111,0.1111111111111111,0.1111111111111111,True
5,0.0,0.17895299145299146,0.8669871794871795,0.9834401709401709,0.9588675213675214,0.9823717948717948,0.9834401709401709,True
6,0.0,0.9967405475880052,0.9967405475880052,0.9996740547588006,0.96251629726206,0.978161668839635,0.999348109517601,True
7,0.0,0.9983697424193022,0.9980436909031627,0.9996739484838605,0.960873818063254,0.9882621454189762,0.9986957939354418,True
8,0.0,0.9990316333118141,0.9983860555196902,0.999677211103938,0.959974176888315,0.9903163331181407,0.999677211103938,True
9,0.0,0.9958333333333333,0.9958333333333333,1.0,0.9479166666666666,0.9881944444444445,1.0,True
10,0.0,0.0,0.0,0.0,0.016666666666666666,0.0,0.0,True
11,0.0,0.00024316109422492402,0.0,0.000364741641337386,0.00012158054711246201,0.0,0.0,True
12,0.0,0.511775580741098,0.511775580741098,0.5100072341451651,0.48171368861024033,0.5017281569005707,0.5078369905956113,True
13,0.0,0.9979763387297634,0.513854296388543,0.9921388542963886,0.9719800747198007,0.9824097135740971,0.9909713574097135,True
14,0.0,0.9980031948881789,0.5036741214057509,0.9907348242811501,0.969408945686901,0.9838658146964856,0.9907348242811501,True
15,0.0,0.9989935743593714,0.9989935743593714,0.9941162808701711,0.9773941317643415,0.9915615080901138,0.9945033676550282,True
16,0.0,0.9978061584267022,0.9984329703047873,0.9943586930972342,0.9783749902060644,0.99138133667633,0.994828802005798,True
17,0.0,0.9992706053975201,0.9970824215900802,0.9956236323851203,0.9824945295404814,0.9948942377826404,0.9956236323851203,True
18,0.0,0.4145467574346112,0.4145467574346112,0.9833393049086349,0.9892511644571838,0.9899677534933715,0.9840558939448226,True
19,0.0,0.9998480573041024,0.003928803993922292,0.9997829390058607,0.9969394399826351,0.9997612329064467,0.999652702409377,True
20,0.0,0.9956070660809422,0.7292737639031686,0.9955603327413777,0.9942517992335732,0.9955135994018133,0.9955603327413777,True
21,0.0,0.9994602305586614,0.9994602305586614,0.9952962948683348,0.9955276246289085,0.9947950803870917,0.9954119597486216,True
22,0.0,0.9995396654902563,0.9995780266994015,0.9955884609482891,0.9956268221574344,0.9952815712751266,0.9956651833665797,True
23,0.0,0.9995426132032322,0.9996950754688214,0.9956929409971033,0.9955785942979113,0.9951974386339381,0.9956929409971033,True
24,0.0,0.9996145544249152,0.9996145544249152,0.9984967622571693,0.9946423065063213,0.9975331483194573,0.9978029602220166,True
25,0.0,0.9995781723357748,0.9995014763968247,0.9983510373125744,0.9965103347777735,0.997660773862024,0.9981209494957242,True
26,0.0,0.999614925488082,0.999614925488082,0.9988832839154377,0.9961107474296277,0.9986907466594787,0.998806269013054,True
27,0.0,0.9994970986460349,0.9994970986460349,0.9988394584139265,0.9979883945841392,0.9984139264990329,0.9988007736943907,True
28,0.0,1.0,1.0,1.0,1.0,1.0,1.0,True
