policy,recall,precision,fpr,f1,alert_volume_fp,label_cost,compute_s,n_retrains,n_triggers
never,0.9564754811877357,0.8749778800212352,0.13144186046511627,0.9139134051106695,6176,0,0.0,0,0
triggered_250,0.7829093722797176,0.9887619861967873,0.008558139534883722,0.8738765485412,851,500,0.4,2,2
always_cheap_250,0.822516684398878,0.9888947031804175,0.008883720930232559,0.8980647886580247,858,3500,3.3,14,14
triggered_2500,0.8395879678885773,0.9917737789203085,0.006697674418604651,0.9093575675038631,811,5000,0.5,2,2
triggered_25000,0.8483412322274881,0.9923068220386921,0.006325581395348837,0.9146939201168004,803,10000,0.6,2,2
periodic,0.8696198858690396,0.9789318961293484,0.018,0.9210438702076985,2420,20000,1.0,4,0
always_cheap_2500,0.8518715543089274,0.9927299368800722,0.006,0.9169225964291291,796,34678,7.2,14,14
always_sliding,0.8727633233388142,0.9775213952984508,0.019302325581395347,0.9221768012263669,1082,65000,3.4,13,0
always_cheap_25000,0.8559822033078635,0.9938236945536215,0.0051162790697674414,0.9197672001662855,777,67178,12.9,14,14
