seed,breadth,frozen,ceiling,cheap,fa_k,fa_n
42,1,0.6301771233057977,0.9576284002192775,0.8679703597285495,1,10
42,2,0.6911891900713155,0.9334171059288151,0.913589111738499,1,10
42,4,0.9838475674630042,0.864493664764484,0.8416674726762743,2,10
7,1,0.6459140658966749,0.9576945615394794,0.7824521275590254,3,10
7,2,0.6887576088907746,0.9331396772035184,0.7809129036995937,3,10
7,4,0.978286101170326,0.8610600638359609,0.8127478479543476,5,10
123,1,0.650857261677473,0.9578174325627115,0.8977618570537419,1,10
123,2,0.6991040684106598,0.9335639799598544,0.8324820079311976,1,10
123,4,0.9816229809459329,0.8612535061417932,0.8290937227971757,2,10
2024,1,0.6422562900512278,0.9579024971172567,0.9359936485132606,2,10
2024,2,0.6763875516099026,0.9328296098046576,0.8552964407526478,1,10
2024,4,0.9819131444046812,0.8616403907534578,0.8274011026211432,1,10
