day,model,n_eval,n_attack,recall,fpr
wed_14_02,cold_start,450000,21938,1.0,1.86888815171634e-05
wed_14_02,cold_start_balanced,450000,21938,1.0,1.86888815171634e-05
wed_14_02,cold_start_downsampled,450000,21938,1.0,2.3361101896454252e-05
wed_14_02,oracle,450000,21938,1.0,1.1680550948227126e-05
thu_15_02,cold_start,450000,3130,0.0,4.475574551883098e-06
thu_15_02,cold_start_balanced,450000,3130,0.0,4.475574551883098e-06
thu_15_02,cold_start_downsampled,450000,3130,0.0,1.1188936379707746e-05
thu_15_02,oracle,450000,3130,0.9338658146964857,6.713361827824647e-06
fri_16_02,cold_start,450000,116227,0.05530556583237974,2.996048212407834e-05
fri_16_02,cold_start_balanced,450000,116227,0.05530556583237974,2.996048212407834e-05
fri_16_02,cold_start_downsampled,450000,116227,0.05530556583237974,2.996048212407834e-05
fri_16_02,oracle,450000,116227,0.9999741884415841,2.3968385699262674e-05
tue_20_02,cold_start,450000,21569,0.0,2.334098139490373e-06
tue_20_02,cold_start_balanced,450000,21569,0.0,2.334098139490373e-06
tue_20_02,cold_start_downsampled,450000,21569,0.0,2.334098139490373e-06
tue_20_02,oracle,450000,21569,0.9996290973155918,2.334098139490373e-06
wed_21_02,cold_start,450000,70073,0.0,1.3160422923351065e-05
wed_21_02,cold_start_balanced,450000,70073,0.0,1.3160422923351065e-05
wed_21_02,cold_start_downsampled,450000,70073,0.0,1.579250750802128e-05
wed_21_02,oracle,450000,70073,0.9998858333452257,1.0528338338680851e-05
thu_22_02,cold_start,450001,16,0.0,2.2222962987655143e-06
thu_22_02,cold_start_balanced,450001,16,0.0,2.2222962987655143e-06
thu_22_02,cold_start_downsampled,450001,16,0.0,2.2222962987655143e-06
thu_22_02,oracle,450001,16,0.5,0.0
fri_23_02,cold_start,450000,17,0.0,1.3333837056066563e-05
fri_23_02,cold_start_balanced,450000,17,0.0,1.3333837056066563e-05
fri_23_02,cold_start_downsampled,450000,17,0.0,1.3333837056066563e-05
fri_23_02,oracle,450000,17,0.47058823529411764,1.3333837056066563e-05
wed_28_02,cold_start,450000,3414,0.002050380785002929,1.7913682918855495e-05
wed_28_02,cold_start_balanced,450000,3414,0.0011716461628588166,1.567447255399856e-05
wed_28_02,cold_start_downsampled,450000,3414,0.002050380785002929,2.2392103648569367e-05
wed_28_02,oracle,450000,3414,0.9194493263034563,1.567447255399856e-05
thu_01_03,cold_start,450001,2737,0.0,4.471631966802604e-06
thu_01_03,cold_start_balanced,450001,2737,0.0,2.235815983401302e-06
thu_01_03,cold_start_downsampled,450001,2737,0.0007307270734380709,6.707447950203906e-06
thu_01_03,oracle,450001,2737,0.9294848374132262,2.235815983401302e-06
fri_02_03,cold_start,450000,10209,0.0,2.273807331209597e-06
fri_02_03,cold_start_balanced,450000,10209,0.0,2.273807331209597e-06
fri_02_03,cold_start_downsampled,450000,10209,0.0,4.547614662419194e-06
fri_02_03,oracle,450000,10209,0.9998040944264864,2.273807331209597e-06
