day,model,family,n_flows,recall
wed_14_02,cold_start,BruteForce,21938,1.0
wed_14_02,cold_start_balanced,BruteForce,21938,1.0
wed_14_02,cold_start_downsampled,BruteForce,21938,1.0
wed_14_02,oracle,BruteForce,21938,1.0
thu_15_02,cold_start,DoS,3130,0.0
thu_15_02,cold_start_balanced,DoS,3130,0.0
thu_15_02,cold_start_downsampled,DoS,3130,0.0
thu_15_02,oracle,DoS,3130,0.9338658146964857
fri_16_02,cold_start,BruteForce,6425,1.0
fri_16_02,cold_start,DoS,109802,2.7321906704795905e-05
fri_16_02,cold_start_balanced,BruteForce,6425,1.0
fri_16_02,cold_start_balanced,DoS,109802,2.7321906704795905e-05
fri_16_02,cold_start_downsampled,BruteForce,6425,1.0
fri_16_02,cold_start_downsampled,DoS,109802,2.7321906704795905e-05
fri_16_02,oracle,BruteForce,6425,1.0
fri_16_02,oracle,DoS,109802,0.9999726780932952
tue_20_02,cold_start,DDoS,21569,0.0
tue_20_02,cold_start_balanced,DDoS,21569,0.0
tue_20_02,cold_start_downsampled,DDoS,21569,0.0
tue_20_02,oracle,DDoS,21569,0.9996290973155918
wed_21_02,cold_start,DDoS,70073,0.0
wed_21_02,cold_start_balanced,DDoS,70073,0.0
wed_21_02,cold_start_downsampled,DDoS,70073,0.0
wed_21_02,oracle,DDoS,70073,0.9998858333452257
thu_22_02,cold_start,Web,16,0.0
thu_22_02,cold_start_balanced,Web,16,0.0
thu_22_02,cold_start_downsampled,Web,16,0.0
thu_22_02,oracle,Web,16,0.5
fri_23_02,cold_start,Web,17,0.0
fri_23_02,cold_start_balanced,Web,17,0.0
fri_23_02,cold_start_downsampled,Web,17,0.0
fri_23_02,oracle,Web,17,0.47058823529411764
wed_28_02,cold_start,Infiltration,3414,0.002050380785002929
wed_28_02,cold_start_balanced,Infiltration,3414,0.0011716461628588166
wed_28_02,cold_start_downsampled,Infiltration,3414,0.002050380785002929
wed_28_02,oracle,Infiltration,3414,0.9194493263034563
thu_01_03,cold_start,Infiltration,2737,0.0
thu_01_03,cold_start_balanced,Infiltration,2737,0.0
thu_01_03,cold_start_downsampled,Infiltration,2737,0.0007307270734380709
thu_01_03,oracle,Infiltration,2737,0.9294848374132262
fri_02_03,cold_start,Bot,10209,0.0
fri_02_03,cold_start_balanced,Bot,10209,0.0
fri_02_03,cold_start_downsampled,Bot,10209,0.0
fri_02_03,oracle,Bot,10209,0.9998040944264864
