family,model,seed,variant,precision,ks,agree_tree_perm
DoS,rf,42,perm,0.6,0.4,
DoS,rf,42,treeshap,0.6,0.4,0.9788213917689175
DoS,rf,1,perm,0.5,0.4,
DoS,rf,1,treeshap,0.6,0.4,0.9665262567120664
DoS,rf,7,perm,0.3,0.4,
DoS,rf,7,treeshap,0.4,0.4,0.966966443829889
DoS,xgb,42,perm,0.1,0.4,
DoS,xgb,42,treeshap,0.1,0.4,0.9777586677377396
DoS,xgb,1,perm,0.1,0.4,
DoS,xgb,1,treeshap,0.2,0.4,0.9648829865966863
DoS,xgb,7,perm,0.2,0.4,
DoS,xgb,7,treeshap,0.2,0.4,0.9762773637373348
DoS,mlp,42,perm,0.6,0.4,
DoS,mlp,1,perm,0.8,0.4,
DoS,mlp,7,perm,0.5,0.4,
DDoS,rf,42,perm,0.4,0.5,
DDoS,rf,42,treeshap,0.4,0.5,0.9696778548208167
DDoS,rf,1,perm,0.6,0.5,
DDoS,rf,1,treeshap,0.6,0.5,0.9778162420467731
DDoS,rf,7,perm,0.5,0.5,
DDoS,rf,7,treeshap,0.4,0.5,0.9761404578158505
DDoS,xgb,42,perm,0.2,0.5,
DDoS,xgb,42,treeshap,0.2,0.5,0.9839997500335624
DDoS,xgb,1,perm,0.3,0.5,
DDoS,xgb,1,treeshap,0.3,0.5,0.9736374827064065
DDoS,xgb,7,perm,0.1,0.5,
DDoS,xgb,7,treeshap,0.2,0.5,0.979479594444092
DDoS,mlp,42,perm,0.6,0.5,
DDoS,mlp,1,perm,0.6,0.5,
DDoS,mlp,7,perm,0.7,0.5,
Infiltration,rf,42,perm,0.0,0.3,
Infiltration,rf,42,treeshap,0.1,0.3,0.9793605863136289
Infiltration,rf,1,perm,0.1,0.3,
Infiltration,rf,1,treeshap,0.0,0.3,0.9635165392790601
Infiltration,rf,7,perm,0.2,0.3,
Infiltration,rf,7,treeshap,0.0,0.3,0.9755452560169416
Infiltration,xgb,42,perm,0.0,0.3,
Infiltration,xgb,42,treeshap,0.0,0.3,0.9755051215004529
Infiltration,xgb,1,perm,0.1,0.3,
Infiltration,xgb,1,treeshap,0.0,0.3,0.9776284833950857
Infiltration,xgb,7,perm,0.1,0.3,
Infiltration,xgb,7,treeshap,0.1,0.3,0.9728279376089239
Infiltration,mlp,42,perm,0.2,0.3,
Infiltration,mlp,1,perm,0.4,0.3,
Infiltration,mlp,7,perm,0.3,0.3,
Bot,rf,42,perm,0.4,0.5,
Bot,rf,42,treeshap,0.4,0.5,0.9888101573373435
Bot,rf,1,perm,0.4,0.5,
Bot,rf,1,treeshap,0.5,0.5,0.9865778556315559
Bot,rf,7,perm,0.4,0.5,
Bot,rf,7,treeshap,0.5,0.5,0.9897660737739749
Bot,xgb,42,perm,0.3,0.5,
Bot,xgb,42,treeshap,0.4,0.5,0.9842707949629117
Bot,xgb,1,perm,0.2,0.5,
Bot,xgb,1,treeshap,0.3,0.5,0.9740965153466529
Bot,xgb,7,perm,0.2,0.5,
Bot,xgb,7,treeshap,0.5,0.5,0.9701170705145659
Bot,mlp,42,perm,0.5,0.5,
Bot,mlp,1,perm,0.6,0.5,
Bot,mlp,7,perm,0.6,0.5,
