seed,breadth,cheap,frozen_nb22,ceiling_nb22,cheap_nb22,delta_v3_minus_nb22
42,1,0.9658418555414832,0.6301771233057977,0.9576284002192776,0.8679703597285495,0.098
42,2,0.9559051520146221,0.6911891900713155,0.9334171059288152,0.913589111738499,0.042
42,4,0.9867492020504884,0.9838475674630042,0.864493664764484,0.8416674726762743,0.145
7,1,0.9695563410899605,0.6459140658966749,0.9576945615394794,0.7824521275590254,0.187
7,2,0.9537509995593779,0.6887576088907746,0.9331396772035184,0.7809129036995937,0.173
7,4,0.979059870393655,0.978286101170326,0.8610600638359609,0.8127478479543476,0.166
123,1,0.9705582125101605,0.650857261677473,0.9578174325627116,0.8977618570537419,0.073
123,2,0.9593322127388743,0.6991040684106598,0.9335639799598544,0.8324820079311976,0.127
123,4,0.985056581874456,0.9816229809459328,0.8612535061417932,0.8290937227971757,0.156
2024,1,0.9696697604960208,0.6422562900512278,0.9579024971172568,0.9359936485132606,0.034
2024,2,0.9576350017135303,0.6763875516099026,0.9328296098046576,0.8552964407526478,0.102
2024,4,0.9877164135796499,0.9819131444046812,0.8616403907534578,0.8274011026211432,0.16
