seed,breadth,frozen,ceiling,cheap,cheap250,tau_eff,tau_perm,fires_quiet,n_quiet,exceed_quiet,latency,labels_250
42,1,0.6301771233057977,0.9576284002192775,0.9658418555414832,0.9651802423394643,0.017338586666666645,0.017338586666666645,0,6,[],1,500
42,2,0.6911891900713155,0.9334171059288151,0.9559051520146221,0.953228780782349,0.018675873333333315,0.018675873333333315,0,6,[],1,250
42,4,0.9838475674630042,0.864493664764484,0.9867492020504884,0.9576844955991876,0.017472848571428536,0.017472848571428536,0,6,[],1,250
7,1,0.6459140658966749,0.9576945615394794,0.9695563410899605,0.9618438214778549,0.01492802666666666,0.01492802666666666,0,6,[],1,250
7,2,0.6887576088907746,0.9331396772035184,0.9537509995593779,0.959723876821646,0.01454288571428571,0.01454288571428571,0,6,[],1,250
7,4,0.978286101170326,0.8610600638359609,0.979059870393655,0.9750459425476352,0.015253704761904763,0.015253704761904763,0,6,[],1,250
123,1,0.650857261677473,0.9578174325627115,0.9705582125101605,0.9706432770647058,0.019548919047619004,0.019548919047619004,0,6,[],1,250
123,2,0.6991040684106598,0.9335639799598544,0.9593322127388743,0.9597728348319924,0.014405042857142858,0.014405042857142858,0,6,[],1,500
123,4,0.9816229809459329,0.8612535061417932,0.985056581874456,0.9675500531966341,0.018097742857142832,0.018097742857142832,0,6,[],1,250
2024,1,0.6422562900512278,0.9579024971172567,0.9696697604960208,0.9584790457647303,0.014760000952380944,0.014760000952380944,0,6,[],1,250
2024,2,0.6763875516099026,0.9328296098046576,0.9576350017135303,0.9349184849127732,0.01473372857142856,0.01473372857142856,0,6,[],1,250
2024,4,0.9819131444046812,0.8616403907534578,0.9877164135796499,0.9632943224683238,0.016836605714285715,0.016836605714285715,0,6,[],1,250
