dataset,arm,q,aux_shap,cond_ks,domain_shap,dual,ks,perm_domain,random
cicids2017,concept,1.0,0.307,0.22,0.207,0.247,0.14,0.133,0.06
cicids2017,covariate,0.1,0.08,0.2,0.667,0.193,1.0,0.18,0.06
cicids2017,covariate,0.25,0.047,0.42,0.753,0.253,1.0,0.333,0.06
cicids2017,covariate,0.5,0.047,0.5,0.847,0.307,1.0,0.56,0.06
cicids2017,dependency,0.1,0.033,0.32,0.427,0.233,0.1,0.273,0.06
cicids2017,dependency,0.25,0.013,0.28,0.487,0.26,0.1,0.567,0.06
cicids2017,dependency,0.5,0.0,0.32,0.587,0.273,0.14,0.633,0.06
cse_cic_ids2018,concept,1.0,0.36,0.14,0.127,0.273,0.22,0.2,0.02
cse_cic_ids2018,covariate,0.1,0.087,0.18,0.64,0.24,1.0,0.253,0.02
cse_cic_ids2018,covariate,0.25,0.053,0.3,0.773,0.247,1.0,0.44,0.02
cse_cic_ids2018,covariate,0.5,0.053,0.42,0.827,0.273,1.0,0.587,0.02
cse_cic_ids2018,dependency,0.1,0.033,0.26,0.387,0.187,0.24,0.4,0.02
cse_cic_ids2018,dependency,0.25,0.0,0.3,0.513,0.233,0.28,0.607,0.02
cse_cic_ids2018,dependency,0.5,0.0,0.32,0.573,0.233,0.16,0.653,0.02
unsw_nb15,concept,1.0,0.587,0.2,0.3,0.393,0.28,0.28,0.32
unsw_nb15,covariate,0.1,0.067,0.3,0.613,0.273,1.0,0.207,0.32
unsw_nb15,covariate,0.25,0.087,0.44,0.767,0.333,1.0,0.487,0.32
unsw_nb15,covariate,0.5,0.107,0.44,0.84,0.353,1.0,0.627,0.32
unsw_nb15,dependency,0.1,0.027,0.24,0.427,0.293,0.28,0.38,0.32
unsw_nb15,dependency,0.25,0.027,0.32,0.493,0.313,0.3,0.547,0.32
unsw_nb15,dependency,0.5,0.013,0.34,0.56,0.333,0.26,0.6,0.32
