feature_a,feature_b,abs_r
is_ftp_login,ct_ftp_cmd,0.9988554882935564
dbytes,dloss,0.9967111338314719
sbytes,sloss,0.9957715772406756
swin,dwin,0.9804584289136427
dpkts,dloss,0.9796120849359832
ct_srv_src,ct_srv_dst,0.9794668130725512
dpkts,dbytes,0.9734453279792895
spkts,sloss,0.97185941165111
spkts,sbytes,0.9643932171558939
ct_dst_ltm,ct_src_dport_ltm,0.9615176986568991
ct_dst_src_ltm,ct_srv_dst,0.9603212131063892
ct_srv_src,ct_dst_src_ltm,0.9539519771685998
tcprtt,synack,0.9430527537645856
sinpkt,is_sm_ips_ports,0.942120623332492
tcprtt,ackdat,0.9202175912501971
ct_src_dport_ltm,ct_src_ltm,0.9094302805367714
ct_src_dport_ltm,ct_dst_sport_ltm,0.9083371617417999
ct_dst_ltm,ct_src_ltm,0.901581770570444
ct_src_dport_ltm,ct_dst_src_ltm,0.8718465657501447
ct_dst_ltm,ct_dst_sport_ltm,0.871117809397598
