arm,seed,ks_max,ks_mean,wass_max,wass_mean
concept,42,0.01925,0.007891768292682927,0.037150892569634233,0.014920483086328689
concept,1,0.01475,0.006382621951219511,0.0335698106221767,0.012236948969567965
concept,7,0.0165,0.007085365853658538,0.05017364556846157,0.019191520505035045
distributional,42,1.0,0.06298323170731707,1.008172123556907,0.07511220985726652
distributional,1,1.0,0.057490853658536595,1.0210044171315222,0.07276730444524619
distributional,7,0.9995,0.065,1.025432906624415,0.0796867545914986
null,42,0.01925,0.007891768292682927,0.037150892569634233,0.014920483086328689
null,1,0.01475,0.006382621951219511,0.0335698106221767,0.012236948969567965
null,7,0.0165,0.007085365853658538,0.05017364556846157,0.019191520505035045
